x,y
453320.0,606542.0
520651.0,594591.0
516664.0,660290.0
570023.0,570741.0
524035.0,518443.0
544957.0,505968.0
503105.0,577815.0
515747.0,601704.0
588509.0,666153.0
533602.0,584471.0
488815.0,736618.0
555436.0,648459.0
525149.0,598859.0
527235.0,597804.0
532163.0,487880.0
456899.0,535857.0
458240.0,649408.0
449835.0,681607.0
536283.0,664397.0
490765.0,641584.0
454105.0,462204.0
452479.0,733351.0
530851.0,640929.0
537285.0,484173.0
517205.0,604160.0
523280.0,604275.0
587302.0,609986.0
474852.0,625772.0
524603.0,621588.0
541442.0,643798.0
533275.0,597808.0
561366.0,639125.0
542921.0,577831.0
535727.0,568446.0
505281.0,579015.0
507854.0,513056.0
519839.0,594718.0
543050.0,594144.0
502642.0,615006.0
457526.0,658653.0
454100.0,637822.0
478919.0,531404.0
525977.0,595552.0
530335.0,593501.0
485899.0,618292.0
520162.0,606713.0
579754.0,607506.0
448929.0,699090.0
519817.0,600528.0
590437.0,652317.0
565852.0,731472.0
530337.0,609544.0
591664.0,441477.0
518660.0,603100.0
543134.0,515387.0
549643.0,615815.0
536765.0,368279.0
490583.0,447151.0
462095.0,603185.0
521037.0,625633.0
517783.0,448891.0
504286.0,586215.0
449791.0,508708.0
505975.0,574621.0
565315.0,570709.0
505993.0,602027.0
481399.0,639977.0
528705.0,615540.0
496874.0,608333.0
509135.0,610403.0
551495.0,534129.0
511112.0,609032.0
540324.0,654879.0
518523.0,731755.0
592334.0,554231.0
458334.0,717159.0
563760.0,556793.0
498993.0,477685.0
461951.0,676819.0
542473.0,619633.0
577696.0,558890.0
528282.0,454400.0
505044.0,648336.0
502254.0,599976.0
540724.0,612400.0
527173.0,638401.0
457823.0,732911.0
556058.0,641043.0
504892.0,636062.0
519323.0,604971.0
552242.0,597762.0
519915.0,756868.0
510063.0,608495.0
465513.0,529132.0
548305.0,789860.0
583329.0,579176.0
556448.0,580076.0
533866.0,630754.0
515476.0,610111.0
523927.0,561491.0
537745.0,730727.0
496614.0,634895.0
532452.0,620413.0
536056.0,592316.0
593310.0,602181.0
496071.0,641507.0
534472.0,723007.0
560890.0,671380.0
587630.0,603523.0
465477.0,577209.0
515948.0,599567.0
568984.0,508467.0
503169.0,584319.0
474033.0,604815.0
547110.0,635152.0
468222.0,558458.0
517396.0,599675.0
530689.0,605173.0
559197.0,707148.0
481295.0,606981.0
500864.0,602869.0
530677.0,448636.0
478788.0,536546.0
575107.0,605490.0
556865.0,576259.0
502377.0,463742.0
560795.0,506703.0
498930.0,606521.0
437919.0,529813.0
478859.0,605506.0
481130.0,571932.0
469019.0,650175.0
550219.0,511903.0
548072.0,645976.0
478541.0,641601.0
487619.0,577759.0
458678.0,582469.0
512861.0,595314.0
530533.0,617715.0
517830.0,602128.0
477762.0,560260.0
582223.0,588889.0
483506.0,616626.0
491250.0,551419.0
517028.0,595332.0
518560.0,536665.0
473296.0,675462.0
552160.0,585490.0
507965.0,693786.0
573714.0,564928.0
494814.0,606104.0
482060.0,583648.0
531755.0,589697.0
450480.0,714996.0
480821.0,565116.0
480805.0,685935.0
481631.0,636177.0
545208.0,637065.0
593872.0,697763.0
516121.0,602007.0
494339.0,615498.0
482361.0,482641.0
497820.0,561443.0
490094.0,534384.0
550220.0,574397.0
556659.0,640497.0
517416.0,602429.0
496847.0,583462.0
585333.0,595857.0
592721.0,557481.0
517003.0,601763.0
547798.0,572399.0
561044.0,620960.0
511079.0,619668.0
536605.0,619651.0
531691.0,790138.0
512216.0,623166.0
524997.0,600241.0
585350.0,632346.0
582923.0,674777.0
561809.0,588448.0
511168.0,600267.0
592334.0,549213.0
578937.0,619828.0
486686.0,601992.0
577901.0,591721.0
501483.0,581157.0
457462.0,707351.0
494877.0,598042.0
484635.0,641845.0
538873.0,607201.0
437948.0,675857.0
504769.0,602742.0
553738.0,625842.0
541181.0,592835.0
460453.0,663248.0
517324.0,651171.0
552856.0,632819.0
586586.0,524767.0
517329.0,597341.0
500534.0,594406.0
512623.0,615916.0
517648.0,602787.0
515810.0,608979.0
519226.0,603757.0
565177.0,572012.0
508852.0,610907.0
492011.0,553423.0
513857.0,606505.0
519814.0,612122.0
512144.0,604265.0
513146.0,611088.0
506292.0,614969.0
555478.0,508284.0
532579.0,545085.0
520899.0,598617.0
519082.0,604451.0
435216.0,703332.0
499835.0,663371.0
540660.0,578421.0
547839.0,649983.0
485177.0,553455.0
547736.0,556647.0
480758.0,579260.0
528189.0,620014.0
557839.0,653593.0
591152.0,597702.0
535677.0,646666.0
598856.0,484319.0
498327.0,603896.0
554325.0,470556.0
517583.0,614670.0
599185.0,632598.0
446572.0,545016.0
444554.0,498933.0
447084.0,676215.0
462160.0,604958.0
507544.0,717283.0
515792.0,603615.0
508481.0,650682.0
528694.0,605396.0
585323.0,564746.0
517409.0,602486.0
526640.0,594029.0
442731.0,524364.0
444584.0,682681.0
476576.0,702356.0
504149.0,613547.0
522913.0,612522.0
477252.0,511717.0
541320.0,577397.0
460604.0,612713.0
594992.0,626543.0
582654.0,498670.0
486484.0,555434.0
505847.0,653823.0
526892.0,669378.0
565549.0,552212.0
507094.0,670237.0
528015.0,580450.0
504735.0,542865.0
507366.0,592328.0
583684.0,553423.0
459535.0,573533.0
452899.0,715648.0
489387.0,555203.0
466098.0,646429.0
483312.0,686975.0
600212.0,542358.0
510372.0,611826.0
519446.0,652215.0
571409.0,711766.0
539966.0,564654.0
434176.0,620870.0
540289.0,560590.0
470414.0,585508.0
594393.0,507547.0
557387.0,620417.0
568244.0,571007.0
574723.0,481052.0
544674.0,607976.0
504556.0,596936.0
525793.0,649834.0
553017.0,553882.0
514492.0,603118.0
536748.0,638795.0
499714.0,573684.0
500254.0,579149.0
495371.0,524303.0
495179.0,555424.0
493357.0,576660.0
488426.0,568942.0
578366.0,600188.0
519877.0,635541.0
506558.0,484898.0
526440.0,600980.0
476782.0,475969.0
510193.0,740093.0
505805.0,540908.0
551949.0,652317.0
569835.0,305861.0
487894.0,309894.0
532938.0,306366.0
534095.0,328194.0
480986.0,258160.0
546787.0,303532.0
471821.0,268222.0
548698.0,334366.0
449705.0,398827.0
596991.0,214371.0
504859.0,246634.0
492801.0,255666.0
443927.0,294656.0
500134.0,265648.0
607108.0,471788.0
533390.0,402288.0
594744.0,368036.0
591819.0,302411.0
564182.0,292950.0
532772.0,295614.0
549553.0,326391.0
529110.0,294532.0
499490.0,301809.0
676195.0,228277.0
501995.0,330279.0
505519.0,287497.0
490706.0,329784.0
527268.0,332373.0
495066.0,364706.0
608558.0,305176.0
533394.0,295829.0
532084.0,311638.0
447666.0,300851.0
531727.0,296001.0
486932.0,387999.0
559918.0,291073.0
526093.0,315223.0
529462.0,306183.0
539431.0,339933.0
586115.0,270570.0
561109.0,308739.0
539696.0,297239.0
548610.0,181604.0
447711.0,328043.0
525539.0,188788.0
649353.0,297146.0
493179.0,348266.0
448285.0,383411.0
538627.0,245982.0
577626.0,300093.0
599136.0,285098.0
580588.0,470941.0
589063.0,292592.0
535169.0,347166.0
442259.0,351081.0
552676.0,353201.0
557135.0,307282.0
547156.0,278823.0
648989.0,319239.0
538545.0,105608.0
536255.0,382070.0
538795.0,308472.0
688776.0,298590.0
604897.0,299886.0
596667.0,288877.0
537465.0,294198.0
484331.0,299124.0
565461.0,223156.0
490282.0,326267.0
616559.0,338123.0
540171.0,306910.0
537262.0,225820.0
461359.0,283077.0
530835.0,203304.0
533538.0,319070.0
536194.0,244960.0
584091.0,285569.0
560861.0,292296.0
527175.0,215315.0
535478.0,294538.0
551990.0,334896.0
545264.0,319021.0
573206.0,327671.0
500889.0,295590.0
520494.0,242148.0
414026.0,299075.0
522811.0,295182.0
529733.0,285169.0
522442.0,383698.0
534217.0,355722.0
530430.0,311217.0
531068.0,336789.0
575388.0,178358.0
503135.0,331631.0
482534.0,370612.0
549422.0,231703.0
542195.0,295674.0
683753.0,249529.0
603889.0,234059.0
614879.0,299100.0
566047.0,378401.0
484969.0,351620.0
565417.0,305157.0
539702.0,232974.0
492940.0,219360.0
529510.0,287347.0
512428.0,308242.0
528214.0,266185.0
531277.0,334985.0
634612.0,357541.0
542633.0,266877.0
564283.0,311515.0
523286.0,416925.0
538268.0,295987.0
522533.0,163402.0
619722.0,343547.0
546521.0,329696.0
499942.0,188515.0
545817.0,338665.0
535074.0,433770.0
533763.0,289860.0
686472.0,332736.0
645635.0,298103.0
595205.0,362969.0
636131.0,336508.0
527647.0,286548.0
559517.0,326597.0
520044.0,230193.0
520808.0,299213.0
537581.0,292387.0
541691.0,95884.0
636836.0,342507.0
521670.0,270133.0
567928.0,259953.0
615428.0,239620.0
436605.0,281804.0
564784.0,287256.0
566297.0,187989.0
533351.0,352122.0
609507.0,378023.0
453287.0,424090.0
422255.0,179596.0
488210.0,278173.0
527208.0,296696.0
533457.0,295648.0
580581.0,261664.0
533095.0,290738.0
654697.0,144045.0
684938.0,261040.0
571180.0,306305.0
532880.0,295365.0
505703.0,301345.0
523560.0,306539.0
494118.0,400747.0
547546.0,217023.0
616933.0,393383.0
415506.0,198224.0
488534.0,301792.0
531599.0,303546.0
510379.0,262573.0
520593.0,402733.0
552878.0,319766.0
532894.0,296515.0
495733.0,339423.0
581647.0,350732.0
489682.0,376823.0
647473.0,303489.0
563884.0,283020.0
540386.0,348293.0
495872.0,218426.0
500610.0,376119.0
598550.0,391808.0
368612.0,331490.0
461280.0,372503.0
540215.0,229031.0
435839.0,276580.0
521831.0,294142.0
660355.0,314646.0
491898.0,267762.0
527118.0,293053.0
535139.0,399611.0
552769.0,313298.0
528063.0,366384.0
569449.0,264961.0
547075.0,303100.0
498186.0,304211.0
488591.0,290758.0
541269.0,296900.0
563655.0,247428.0
591571.0,348966.0
548396.0,125826.0
599686.0,310900.0
444592.0,247418.0
524163.0,243683.0
532371.0,290285.0
547630.0,337221.0
632963.0,456865.0
554789.0,321219.0
524836.0,393047.0
535956.0,333791.0
562792.0,434362.0
583604.0,309859.0
624073.0,373629.0
614267.0,251823.0
434763.0,289781.0
572836.0,210288.0
485255.0,356620.0
466362.0,280073.0
519332.0,290754.0
631827.0,314330.0
503934.0,290512.0
536105.0,225052.0
548647.0,294270.0
516251.0,387620.0
512642.0,290502.0
537178.0,289768.0
562513.0,245511.0
610437.0,311903.0
436488.0,382292.0
622508.0,313736.0
563940.0,339322.0
629531.0,283631.0
489433.0,331899.0
563815.0,325553.0
483882.0,365421.0
498939.0,237815.0
344048.0,265555.0
549643.0,296479.0
482375.0,344287.0
392826.0,143091.0
620514.0,294905.0
613367.0,265499.0
561324.0,272806.0
634361.0,276460.0
518284.0,296575.0
526572.0,291968.0
512400.0,338371.0
498955.0,289386.0
395828.0,212070.0
603534.0,307230.0
539678.0,317944.0
547744.0,217903.0
341390.0,170749.0
434482.0,302028.0
536941.0,231171.0
570112.0,307256.0
397352.0,412982.0
533388.0,296437.0
476472.0,299120.0
536378.0,328570.0
519545.0,369431.0
530046.0,284310.0
404084.0,407720.0
528127.0,275458.0
535946.0,315189.0
638697.0,306716.0
547681.0,233013.0
582388.0,313000.0
389787.0,197861.0
514456.0,289348.0
551915.0,293823.0
558960.0,300689.0
523353.0,319429.0
530333.0,265270.0
536205.0,287798.0
483126.0,342645.0
585377.0,333764.0
579703.0,136583.0
447325.0,349219.0
514185.0,337302.0
548084.0,202488.0
543529.0,264577.0
605608.0,280993.0
532875.0,295207.0
506041.0,304669.0
619241.0,320947.0
512187.0,407952.0
478925.0,281896.0
551123.0,183877.0
563506.0,245901.0
537664.0,222608.0
561522.0,313998.0
510526.0,325725.0
549070.0,227118.0
514531.0,247092.0
600756.0,309087.0
602230.0,126147.0
466134.0,455217.0
508505.0,430546.0
520792.0,293439.0
492250.0,403947.0
567156.0,323051.0
610479.0,314538.0
537582.0,246686.0
529866.0,275459.0
518398.0,389173.0
439219.0,305769.0
755752.0,335311.0
553330.0,320394.0
533907.0,289515.0
546979.0,299981.0
520972.0,294834.0
480845.0,384812.0
617386.0,266256.0
548048.0,274321.0
387690.0,265578.0
393136.0,302875.0
533757.0,290880.0
536245.0,220478.0
528593.0,294072.0
647942.0,395074.0
515797.0,448174.0
410194.0,277834.0
476695.0,382107.0
564312.0,205721.0
549342.0,411309.0
582131.0,300010.0
597907.0,260427.0
508117.0,391045.0
464185.0,286487.0
524685.0,310662.0
264404.0,357298.0
226420.0,347645.0
301584.0,484701.0
228386.0,347570.0
295514.0,442073.0
119237.0,315629.0
286222.0,376096.0
224557.0,357528.0
229653.0,346884.0
227940.0,242348.0
217536.0,361207.0
166298.0,217280.0
232238.0,349933.0
227348.0,356313.0
328889.0,352611.0
222327.0,347485.0
246709.0,316959.0
273073.0,299054.0
286106.0,362861.0
220529.0,365323.0
256074.0,309931.0
264793.0,360923.0
230190.0,416636.0
229642.0,338813.0
266563.0,324261.0
205058.0,372663.0
256929.0,337924.0
184645.0,349901.0
238926.0,337428.0
213790.0,219209.0
198162.0,444339.0
271332.0,203534.0
254057.0,272621.0
236011.0,350191.0
223050.0,397693.0
196320.0,258844.0
188508.0,371731.0
251640.0,310877.0
197098.0,390774.0
279201.0,307552.0
228641.0,346369.0
232463.0,207520.0
215408.0,353411.0
197699.0,325673.0
225535.0,347488.0
223118.0,344592.0
227260.0,372484.0
223804.0,319104.0
276373.0,320376.0
126293.0,462324.0
257723.0,338206.0
196419.0,397960.0
256655.0,386767.0
211767.0,347459.0
233935.0,408435.0
219433.0,343843.0
328489.0,362098.0
216764.0,336413.0
283787.0,345560.0
206122.0,342135.0
308641.0,318672.0
191063.0,340940.0
220477.0,215001.0
193117.0,355634.0
233582.0,339645.0
298790.0,307365.0
254772.0,325039.0
199139.0,246625.0
232101.0,364618.0
165557.0,344125.0
200291.0,350453.0
279004.0,377770.0
136579.0,426660.0
178574.0,341671.0
348964.0,261568.0
176375.0,310548.0
225146.0,343352.0
218900.0,394333.0
174178.0,346242.0
189209.0,368298.0
213526.0,351511.0
278332.0,369892.0
124967.0,374172.0
145106.0,356393.0
263702.0,349555.0
242357.0,281579.0
196507.0,302594.0
235398.0,256579.0
179703.0,329666.0
252133.0,336836.0
212100.0,345133.0
357867.0,255601.0
268993.0,177857.0
190742.0,359153.0
272039.0,333050.0
235179.0,319398.0
220373.0,361237.0
207257.0,343505.0
261345.0,345099.0
248217.0,266860.0
219286.0,292775.0
278913.0,352104.0
180721.0,371540.0
234054.0,342531.0
219462.0,331808.0
186211.0,270417.0
333464.0,332046.0
219487.0,293942.0
198284.0,360542.0
263157.0,414996.0
209979.0,326797.0
219674.0,281849.0
241250.0,360988.0
251982.0,346274.0
295106.0,328152.0
244446.0,439979.0
244463.0,356541.0
257104.0,266224.0
245308.0,352623.0
226561.0,347572.0
214654.0,346206.0
184850.0,292744.0
276187.0,201809.0
233299.0,372316.0
252853.0,342369.0
140876.0,300973.0
329348.0,507857.0
266727.0,281807.0
308196.0,371865.0
261807.0,379004.0
230552.0,341659.0
255093.0,423038.0
216082.0,369167.0
243297.0,357739.0
245365.0,355382.0
233763.0,345373.0
183136.0,433352.0
185146.0,329672.0
227834.0,341863.0
219920.0,346857.0
248284.0,275787.0
219617.0,288995.0
196945.0,355289.0
188942.0,354918.0
229323.0,350180.0
190109.0,282009.0
222190.0,308575.0
246569.0,345039.0
236282.0,328486.0
242028.0,345990.0
222355.0,344824.0
202963.0,417895.0
193128.0,348751.0
206077.0,318186.0
233449.0,301155.0
200034.0,328033.0
222920.0,381430.0
149789.0,243552.0
209926.0,397604.0
231481.0,500405.0
246759.0,390068.0
267004.0,310665.0
249073.0,439033.0
323473.0,291395.0
220185.0,482077.0
271943.0,300583.0
233985.0,366440.0
229253.0,349235.0
182539.0,290559.0
201503.0,428888.0
219956.0,265701.0
238634.0,328278.0
278852.0,327923.0
159883.0,322421.0
268982.0,381670.0
274605.0,340965.0
269363.0,404277.0
236795.0,377812.0
316661.0,417975.0
226372.0,388051.0
235961.0,344110.0
221454.0,344475.0
201847.0,451764.0
206533.0,328918.0
219770.0,313056.0
178050.0,267605.0
199228.0,277810.0
206458.0,356138.0
272477.0,402275.0
183520.0,371884.0
278131.0,332217.0
234411.0,357284.0
101408.0,321457.0
223793.0,346327.0
245572.0,375610.0
209720.0,356137.0
116163.0,330871.0
280123.0,331964.0
228901.0,351782.0
229632.0,352050.0
229522.0,350203.0
234737.0,330022.0
299383.0,292149.0
241420.0,314600.0
215708.0,337534.0
279932.0,335916.0
204506.0,269686.0
245255.0,370327.0
228996.0,341481.0
363589.0,357586.0
217530.0,341051.0
363949.0,332854.0
233596.0,362139.0
230453.0,310245.0
208073.0,384064.0
236598.0,332936.0
260866.0,266754.0
245465.0,420584.0
310774.0,380404.0
197970.0,414038.0
244794.0,300356.0
235774.0,352079.0
277386.0,309185.0
227426.0,358565.0
292683.0,445089.0
196815.0,441484.0
232317.0,330706.0
105690.0,358077.0
152044.0,331168.0
228543.0,346860.0
312535.0,315330.0
223088.0,270467.0
211680.0,365202.0
224392.0,346788.0
228304.0,376824.0
190716.0,411597.0
314483.0,416009.0
279953.0,322349.0
239402.0,354643.0
177669.0,327160.0
249445.0,361544.0
132182.0,385315.0
197803.0,344224.0
247759.0,424567.0
229862.0,358857.0
227572.0,288255.0
239186.0,339323.0
209836.0,346987.0
242935.0,342404.0
222667.0,296327.0
258815.0,338749.0
165115.0,322507.0
227791.0,347022.0
238928.0,328262.0
173762.0,309330.0
223541.0,364277.0
200824.0,367232.0
163513.0,363078.0
247029.0,490336.0
234867.0,403744.0
217593.0,282895.0
228725.0,346997.0
192530.0,309373.0
177842.0,329276.0
198901.0,345538.0
227677.0,527817.0
102316.0,370232.0
227672.0,297477.0
232210.0,340794.0
270211.0,408308.0
234540.0,361720.0
225547.0,270769.0
225752.0,346903.0
259073.0,210513.0
307494.0,281474.0
269960.0,353929.0
218504.0,270228.0
259911.0,399400.0
238239.0,279840.0
244452.0,330108.0
179560.0,259579.0
201153.0,321376.0
233531.0,313220.0
315974.0,310747.0
271600.0,323443.0
230483.0,347016.0
233063.0,371831.0
201771.0,334785.0
169745.0,346890.0
246365.0,347212.0
267650.0,332300.0
228105.0,361347.0
219299.0,372849.0
197960.0,267785.0
222005.0,308277.0
226786.0,334204.0
158102.0,347643.0
198946.0,315839.0
121432.0,241527.0
289336.0,428782.0
202569.0,391660.0
265331.0,377856.0
232543.0,337960.0
220787.0,341925.0
254331.0,344749.0
207068.0,337958.0
232141.0,347122.0
283075.0,357110.0
232108.0,343102.0
197323.0,318977.0
229156.0,350225.0
182468.0,348573.0
272570.0,253563.0
325935.0,430270.0
157496.0,375183.0
190296.0,395802.0
397836.0,451809.0
465078.0,380683.0
419895.0,397286.0
513498.0,420937.0
413875.0,378194.0
444201.0,406302.0
555299.0,378527.0
447360.0,376884.0
409126.0,386981.0
434534.0,389408.0
512946.0,381757.0
501537.0,380646.0
453944.0,362044.0
443660.0,407675.0
437974.0,405509.0
388242.0,475514.0
358059.0,391443.0
441441.0,411355.0
363209.0,379360.0
436718.0,413914.0
431347.0,407701.0
446850.0,421310.0
460971.0,429408.0
454508.0,403061.0
447687.0,409404.0
440730.0,400777.0
452901.0,394088.0
418521.0,448005.0
537585.0,390939.0
619057.0,340483.0
447125.0,360599.0
372230.0,371262.0
328130.0,446897.0
503964.0,439408.0
399097.0,364848.0
429977.0,440501.0
420668.0,388181.0
437722.0,408851.0
362992.0,439857.0
433941.0,402961.0
436836.0,377938.0
442233.0,466274.0
399893.0,436877.0
434707.0,402512.0
435441.0,429737.0
428531.0,389063.0
416275.0,377374.0
368855.0,418447.0
443239.0,409674.0
446457.0,385648.0
527224.0,334681.0
468751.0,404521.0
435477.0,403923.0
493777.0,378624.0
408267.0,395976.0
418653.0,459821.0
456690.0,436979.0
513085.0,373467.0
443605.0,452201.0
433905.0,421673.0
451709.0,335221.0
463191.0,343383.0
442327.0,403544.0
449828.0,430854.0
483337.0,373974.0
496087.0,430012.0
416066.0,423502.0
429669.0,413829.0
507592.0,361379.0
473524.0,375325.0
387216.0,467206.0
461278.0,355267.0
411074.0,396258.0
401072.0,428948.0
439059.0,429163.0
409656.0,383439.0
445423.0,404289.0
479266.0,435870.0
398425.0,444795.0
503190.0,443256.0
447769.0,400101.0
406757.0,396497.0
417486.0,410808.0
416679.0,441802.0
424026.0,427143.0
427387.0,393414.0
487193.0,439609.0
498543.0,395123.0
454194.0,376470.0
503531.0,362006.0
444496.0,384483.0
471752.0,436776.0
455800.0,415339.0
440998.0,406810.0
455274.0,417327.0
453680.0,454340.0
479591.0,459513.0
414416.0,464729.0
473112.0,411502.0
440987.0,407233.0
367880.0,393080.0
439622.0,341205.0
473465.0,386966.0
451151.0,399928.0
314133.0,398666.0
454437.0,398575.0
378416.0,414520.0
438578.0,417942.0
426064.0,440155.0
396121.0,380196.0
439340.0,427027.0
465444.0,335111.0
508430.0,431170.0
452024.0,409597.0
428145.0,400869.0
441372.0,410131.0
370892.0,405683.0
440651.0,379935.0
467688.0,423568.0
444685.0,428707.0
537925.0,369892.0
452709.0,399097.0
422739.0,380163.0
519970.0,377994.0
463873.0,428879.0
483307.0,378980.0
421557.0,364612.0
479139.0,430705.0
408082.0,418484.0
463626.0,377882.0
420587.0,395736.0
510144.0,426821.0
369720.0,430916.0
436661.0,367892.0
496502.0,385256.0
453970.0,407749.0
405167.0,431114.0
449351.0,414170.0
386276.0,429289.0
447482.0,380472.0
487057.0,419491.0
417123.0,390478.0
352036.0,403986.0
422785.0,401319.0
440615.0,406477.0
420058.0,438582.0
478599.0,417818.0
434657.0,411923.0
448658.0,378110.0
440146.0,407214.0
443426.0,439634.0
458381.0,394080.0
434265.0,400575.0
443917.0,386101.0
432058.0,412202.0
422086.0,435481.0
434213.0,364386.0
536718.0,428351.0
410976.0,453347.0
495554.0,393437.0
479070.0,389997.0
443542.0,340897.0
515913.0,438358.0
391439.0,426653.0
338240.0,434095.0
549405.0,412323.0
439581.0,400198.0
455977.0,424810.0
386438.0,473476.0
398665.0,466950.0
426967.0,465788.0
437129.0,407856.0
427987.0,392320.0
500903.0,440838.0
420284.0,378528.0
461925.0,425769.0
491330.0,390152.0
503592.0,437423.0
484466.0,374359.0
411888.0,389992.0
434407.0,377935.0
417152.0,367296.0
439353.0,421510.0
491690.0,376480.0
463127.0,405604.0
523522.0,421036.0
460460.0,354449.0
462999.0,358338.0
462294.0,430854.0
425037.0,405183.0
446375.0,398790.0
449337.0,397143.0
449242.0,413180.0
548895.0,395309.0
401259.0,455980.0
415226.0,407322.0
414906.0,385119.0
407604.0,360204.0
420875.0,422299.0
412139.0,355067.0
474199.0,395798.0
431223.0,413097.0
363702.0,481328.0
338581.0,453145.0
364152.0,423549.0
403573.0,479850.0
444988.0,409119.0
465093.0,403472.0
384011.0,393561.0
433954.0,427934.0
447044.0,390008.0
373577.0,425752.0
413577.0,395617.0
434536.0,404043.0
491860.0,435365.0
329761.0,428877.0
379089.0,379399.0
555504.0,383065.0
460189.0,425427.0
417813.0,402395.0
429538.0,425624.0
497437.0,449623.0
442148.0,447891.0
426135.0,419217.0
469664.0,357273.0
460786.0,411841.0
406708.0,437695.0
325213.0,404836.0
492971.0,420304.0
439816.0,380825.0
435415.0,406317.0
529025.0,417483.0
441712.0,391853.0
479369.0,390183.0
434571.0,432133.0
434905.0,371086.0
446550.0,442458.0
356109.0,450797.0
448083.0,413864.0
379436.0,429277.0
460882.0,353241.0
390742.0,399611.0
323719.0,475838.0
441720.0,411212.0
447794.0,408964.0
345496.0,411363.0
435780.0,410225.0
405620.0,430927.0
426880.0,396342.0
425532.0,421129.0
418910.0,398309.0
482440.0,369680.0
454748.0,416690.0
445233.0,390817.0
460877.0,410762.0
503835.0,385151.0
442824.0,400998.0
452263.0,409711.0
487316.0,426397.0
327337.0,441976.0
443360.0,407165.0
422583.0,435558.0
496498.0,445761.0
434842.0,344346.0
455385.0,334397.0
436536.0,406717.0
462431.0,420487.0
390023.0,444232.0
466744.0,419567.0
471441.0,423864.0
500347.0,379760.0
444214.0,398317.0
412744.0,399924.0
412665.0,422847.0
429515.0,366967.0
434534.0,444786.0
459917.0,429610.0
423220.0,445545.0
455667.0,432822.0
439400.0,417658.0
445934.0,453486.0
401794.0,352553.0
445851.0,380408.0
508941.0,332479.0
438260.0,411065.0
412092.0,367366.0
454444.0,410704.0
444719.0,417415.0
470376.0,346079.0
433806.0,452593.0
462578.0,394294.0
512033.0,362994.0
440860.0,401780.0
433112.0,412965.0
426665.0,399387.0
458899.0,405322.0
410852.0,454171.0
456461.0,380999.0
459259.0,414963.0
451781.0,353109.0
414817.0,397561.0
402725.0,403310.0
516113.0,409765.0
441118.0,408636.0
456510.0,422926.0
403983.0,400956.0
321457.0,418287.0
455629.0,423554.0
492918.0,411027.0
480708.0,397762.0
429124.0,435679.0
434515.0,401230.0
442310.0,401921.0
418932.0,434763.0
408520.0,455166.0
477859.0,424472.0
442097.0,408794.0
439356.0,406415.0
434868.0,408711.0
349109.0,394420.0
521946.0,360719.0
368540.0,471484.0
437100.0,417067.0
824024.0,787559.0
818289.0,831273.0
789530.0,721998.0
771382.0,788167.0
749027.0,756974.0
764417.0,779711.0
762530.0,788411.0
734155.0,862290.0
907608.0,756878.0
804149.0,811987.0
768308.0,793393.0
766978.0,802312.0
760455.0,812471.0
814173.0,835300.0
750960.0,717743.0
749274.0,831911.0
805217.0,730053.0
752714.0,827633.0
745527.0,747746.0
732176.0,931588.0
783266.0,775643.0
666327.0,785996.0
783665.0,868106.0
705913.0,803026.0
789561.0,784563.0
805776.0,839319.0
763153.0,794604.0
741625.0,894463.0
743052.0,830814.0
624129.0,759255.0
774908.0,838742.0
769663.0,772884.0
720595.0,745032.0
731788.0,697118.0
760001.0,813633.0
776071.0,759063.0
701512.0,876777.0
792070.0,727537.0
847770.0,773529.0
741044.0,789504.0
725853.0,847961.0
854093.0,770793.0
760329.0,790509.0
793849.0,797489.0
737163.0,796121.0
758922.0,810408.0
679341.0,775488.0
732038.0,838729.0
872456.0,769425.0
790706.0,721114.0
742174.0,861372.0
838655.0,700402.0
829638.0,794205.0
833098.0,688619.0
751465.0,774399.0
754485.0,774571.0
765355.0,793480.0
768255.0,782765.0
758763.0,788610.0
693722.0,855432.0
749178.0,808367.0
727290.0,738567.0
790703.0,798093.0
745800.0,780114.0
696935.0,801426.0
776006.0,816488.0
798729.0,741893.0
738759.0,848362.0
657483.0,727026.0
741646.0,775489.0
686728.0,768701.0
835956.0,878936.0
723120.0,783200.0
764925.0,781215.0
812315.0,821918.0
801376.0,742348.0
884411.0,649033.0
759868.0,818710.0
828551.0,747254.0
784097.0,692956.0
765735.0,777773.0
854530.0,642161.0
781607.0,785314.0
682858.0,802663.0
720775.0,788062.0
703244.0,790894.0
699054.0,756195.0
805405.0,778565.0
764916.0,792332.0
798004.0,743676.0
781320.0,708973.0
762092.0,786522.0
726689.0,843276.0
591764.0,940347.0
798659.0,759452.0
757467.0,802343.0
763615.0,803502.0
806395.0,823798.0
858215.0,679541.0
882228.0,748981.0
785688.0,814117.0
732616.0,795574.0
745289.0,783219.0
773747.0,776875.0
837361.0,760711.0
710031.0,846700.0
693194.0,900410.0
773634.0,768375.0
729644.0,874348.0
774575.0,794290.0
761881.0,793879.0
766882.0,782124.0
751499.0,867089.0
848325.0,674697.0
752329.0,837530.0
829941.0,822767.0
715095.0,711960.0
783521.0,887957.0
692474.0,845855.0
821839.0,765086.0
821064.0,822414.0
734246.0,707053.0
709072.0,829554.0
724017.0,864672.0
737954.0,918027.0
785876.0,739373.0
781226.0,853391.0
800367.0,863227.0
765540.0,786896.0
766741.0,798072.0
779010.0,778429.0
782740.0,776580.0
774434.0,783593.0
734424.0,794141.0
939561.0,773864.0
837042.0,751041.0
820757.0,748773.0
777890.0,811903.0
636129.0,852106.0
907393.0,721034.0
747144.0,842991.0
754962.0,773723.0
772489.0,759886.0
787451.0,777554.0
714796.0,837285.0
827687.0,794675.0
784870.0,688481.0
736476.0,723806.0
699134.0,798736.0
738517.0,783694.0
762562.0,792421.0
755334.0,799969.0
696322.0,735102.0
862543.0,688819.0
603650.0,846384.0
767807.0,871104.0
768428.0,799924.0
716876.0,789640.0
765861.0,799774.0
692652.0,774628.0
860150.0,838700.0
787095.0,657128.0
906023.0,826024.0
866204.0,758084.0
759297.0,836489.0
760256.0,850092.0
663395.0,778483.0
807617.0,844396.0
871138.0,795761.0
799735.0,779632.0
795817.0,876432.0
695635.0,804521.0
757678.0,833741.0
862414.0,660256.0
778712.0,709770.0
759317.0,794819.0
734602.0,733992.0
815780.0,678303.0
778391.0,757064.0
795959.0,813541.0
720867.0,890091.0
656205.0,790465.0
703888.0,706743.0
772531.0,784268.0
781158.0,814333.0
723266.0,845676.0
836878.0,702128.0
886245.0,844062.0
711054.0,768680.0
711186.0,828040.0
841019.0,693715.0
860822.0,782226.0
763097.0,794878.0
783731.0,834547.0
761020.0,776267.0
763465.0,792532.0
715678.0,778073.0
794812.0,741758.0
737390.0,763744.0
813455.0,756834.0
858697.0,810783.0
767769.0,811649.0
833219.0,815682.0
824631.0,680858.0
765311.0,803570.0
674347.0,743027.0
861998.0,669682.0
677934.0,712884.0
709556.0,846146.0
784112.0,765147.0
607315.0,763008.0
669205.0,826892.0
774223.0,726412.0
763106.0,794287.0
767305.0,786774.0
841139.0,830204.0
701020.0,787352.0
868104.0,812458.0
700632.0,770064.0
734745.0,797339.0
785038.0,775065.0
745266.0,834527.0
793593.0,749967.0
856702.0,789298.0
770620.0,786990.0
782436.0,771494.0
762122.0,792489.0
754597.0,712212.0
788027.0,799038.0
756084.0,798397.0
745529.0,747285.0
880628.0,829478.0
774302.0,898594.0
670994.0,722867.0
769293.0,792448.0
773696.0,794736.0
868662.0,815464.0
769511.0,752763.0
729697.0,841805.0
851914.0,787452.0
729589.0,682475.0
814895.0,724796.0
831528.0,799294.0
769697.0,795809.0
785288.0,795240.0
686585.0,751748.0
834294.0,765964.0
816281.0,728672.0
893213.0,799516.0
682620.0,736749.0
772384.0,795690.0
847831.0,818531.0
781802.0,746718.0
732072.0,895412.0
751451.0,781436.0
746835.0,750652.0
758865.0,790386.0
680766.0,884233.0
694431.0,873552.0
801531.0,841983.0
788086.0,816938.0
745578.0,679666.0
915239.0,797756.0
765027.0,811957.0
634540.0,742794.0
784288.0,781699.0
789582.0,798790.0
788487.0,731313.0
868336.0,693070.0
765596.0,793374.0
773953.0,811832.0
798002.0,830921.0
679889.0,767482.0
755964.0,816047.0
847256.0,746461.0
799370.0,816251.0
806937.0,773661.0
824361.0,744995.0
741997.0,795885.0
776770.0,757344.0
773402.0,789866.0
650471.0,744837.0
815718.0,846105.0
742318.0,897152.0
824454.0,718060.0
816781.0,826068.0
869148.0,827393.0
783429.0,715692.0
840160.0,800326.0
766167.0,801324.0
827484.0,760498.0
626791.0,816108.0
696018.0,768899.0
782199.0,826208.0
756279.0,793816.0
729195.0,776202.0
653417.0,947322.0
766681.0,774557.0
900668.0,744312.0
777817.0,797381.0
721426.0,856173.0
819081.0,787946.0
767029.0,783094.0
800262.0,733570.0
761616.0,771503.0
791588.0,800488.0
765561.0,751377.0
821350.0,755248.0
769917.0,779079.0
763661.0,792673.0
785170.0,686138.0
721871.0,839182.0
734408.0,799812.0
693945.0,815312.0
666851.0,792912.0
730816.0,836341.0
740100.0,790097.0
761947.0,769338.0
724642.0,874456.0
827223.0,794418.0
658796.0,834673.0
774753.0,743673.0
352440.0,591366.0
368188.0,602688.0
306143.0,572842.0
434638.0,580776.0
430386.0,603025.0
397070.0,538156.0
239697.0,551539.0
400578.0,583900.0
359533.0,591107.0
291128.0,618687.0
388067.0,485773.0
246232.0,596373.0
367642.0,603960.0
373016.0,533577.0
350814.0,700642.0
343918.0,637750.0
265191.0,620553.0
383825.0,497647.0
444121.0,620876.0
368420.0,599288.0
307867.0,555034.0
342262.0,669768.0
354657.0,591749.0
387020.0,577132.0
304776.0,409398.0
300545.0,426496.0
370584.0,568695.0
427786.0,550297.0
375517.0,564247.0
301168.0,527030.0
340239.0,700854.0
365195.0,604735.0
373809.0,573829.0
393647.0,509849.0
344429.0,457456.0
363379.0,551368.0
393409.0,594209.0
351818.0,589158.0
369125.0,536966.0
298844.0,550555.0
368487.0,573051.0
368618.0,532592.0
358595.0,591279.0
433287.0,738044.0
385797.0,634982.0
399309.0,570386.0
392533.0,535907.0
372787.0,597191.0
468178.0,649024.0
424925.0,619883.0
455389.0,512860.0
367536.0,556687.0
243688.0,551373.0
365655.0,574231.0
342357.0,633859.0
356416.0,592273.0
381262.0,644117.0
396104.0,555689.0
320718.0,575026.0
307209.0,579017.0
398299.0,523676.0
367156.0,577396.0
390065.0,580581.0
364231.0,593643.0
359139.0,591456.0
359782.0,587414.0
355110.0,598032.0
390696.0,648670.0
324362.0,601415.0
419022.0,554520.0
333588.0,592986.0
347045.0,629050.0
366419.0,595245.0
392202.0,586608.0
380505.0,501069.0
360132.0,599607.0
323646.0,594995.0
410278.0,627101.0
362505.0,583068.0
310338.0,606951.0
388423.0,596624.0
398654.0,546946.0
308700.0,671353.0
416020.0,579490.0
412272.0,538545.0
285918.0,653094.0
329131.0,537432.0
338857.0,636327.0
276815.0,638078.0
334226.0,573740.0
339491.0,667775.0
343903.0,672140.0
351723.0,591168.0
345625.0,687294.0
330407.0,566767.0
312742.0,484784.0
415113.0,542512.0
485296.0,621966.0
350561.0,589333.0
376911.0,563380.0
312597.0,588881.0
301495.0,525752.0
327593.0,564629.0
308047.0,559674.0
367184.0,571096.0
326100.0,581935.0
419371.0,624638.0
363455.0,593724.0
366942.0,565041.0
345151.0,551945.0
253139.0,697431.0
400723.0,650047.0
315373.0,557220.0
346444.0,632503.0
420495.0,593820.0
345583.0,650228.0
362663.0,580100.0
419076.0,564989.0
402407.0,613491.0
385353.0,604300.0
384531.0,484484.0
281255.0,679071.0
401221.0,816081.0
383964.0,590239.0
359980.0,631673.0
337096.0,614298.0
346649.0,601528.0
344859.0,608309.0
354322.0,599302.0
435227.0,650474.0
290624.0,570054.0
375555.0,668174.0
275057.0,562020.0
423938.0,611480.0
292526.0,604469.0
313813.0,663352.0
416496.0,706840.0
353881.0,678292.0
367547.0,432917.0
318195.0,559269.0
382942.0,583910.0
329630.0,541942.0
340491.0,579152.0
481764.0,577718.0
320154.0,564410.0
347826.0,619797.0
373359.0,679905.0
283130.0,645818.0
378495.0,604077.0
357384.0,558067.0
357970.0,604433.0
358075.0,717906.0
332562.0,638516.0
354738.0,589658.0
390337.0,650204.0
354541.0,511951.0
369981.0,648415.0
360270.0,470948.0
301302.0,578434.0
435783.0,524060.0
365270.0,473848.0
455460.0,544965.0
389922.0,615648.0
271813.0,601943.0
301018.0,620885.0
348270.0,627371.0
340408.0,683479.0
346889.0,593338.0
328941.0,619258.0
345855.0,521278.0
340835.0,634845.0
332593.0,530848.0
334987.0,653413.0
300563.0,596240.0
315457.0,623532.0
323663.0,642779.0
330523.0,640262.0
303430.0,654656.0
300238.0,575417.0
331004.0,560148.0
359233.0,597215.0
337457.0,673725.0
355746.0,624245.0
308290.0,504455.0
377818.0,585862.0
201616.0,541807.0
399377.0,616443.0
312953.0,583716.0
364579.0,601987.0
381722.0,526403.0
203556.0,485688.0
222057.0,548649.0
357934.0,591338.0
396480.0,690814.0
276662.0,718324.0
416825.0,674571.0
267409.0,491283.0
370167.0,582623.0
361473.0,581275.0
360037.0,586072.0
306314.0,628647.0
289962.0,590113.0
364796.0,594746.0
391578.0,656900.0
354138.0,591281.0
380997.0,602289.0
385423.0,536931.0
389116.0,611862.0
419786.0,544248.0
335182.0,677428.0
341401.0,644918.0
230261.0,462416.0
394664.0,614509.0
410751.0,611517.0
432015.0,528758.0
366671.0,611886.0
439358.0,576216.0
428038.0,593268.0
371437.0,612886.0
278896.0,590236.0
378830.0,583118.0
505532.0,673336.0
390159.0,572371.0
321584.0,586732.0
358927.0,592596.0
344788.0,682469.0
379870.0,568526.0
440872.0,600369.0
385932.0,597237.0
371437.0,563855.0
368855.0,647809.0
348851.0,644850.0
435580.0,529034.0
271844.0,499042.0
358386.0,591833.0
294746.0,651101.0
312337.0,595433.0
341137.0,595867.0
356398.0,691994.0
379060.0,536622.0
303974.0,669777.0
398822.0,566100.0
309492.0,422902.0
404066.0,630784.0
412233.0,467913.0
353917.0,628388.0
356572.0,632224.0
356617.0,596425.0
377375.0,672336.0
380747.0,589949.0
345937.0,650702.0
338178.0,571457.0
302132.0,605661.0
362417.0,613862.0
325176.0,662195.0
350257.0,610022.0
245147.0,544877.0
466305.0,711345.0
287820.0,563856.0
281168.0,625318.0
317558.0,606669.0
462570.0,656122.0
341564.0,729874.0
443292.0,532612.0
405816.0,566099.0
327247.0,574126.0
348157.0,568689.0
375776.0,631815.0
348176.0,603558.0
339167.0,578044.0
357825.0,622820.0
308632.0,576109.0
298090.0,724293.0
306900.0,576900.0
355179.0,536585.0
374869.0,570792.0
317868.0,539451.0
493636.0,623469.0
433442.0,614022.0
293300.0,627485.0
360124.0,591443.0
348624.0,542526.0
329954.0,618285.0
380859.0,602028.0
311799.0,574951.0
353183.0,577330.0
405046.0,579707.0
278859.0,480986.0
355107.0,585493.0
355745.0,590772.0
303252.0,636333.0
276209.0,586867.0
321015.0,653191.0
474935.0,655741.0
309403.0,659771.0
392432.0,606323.0
358157.0,591423.0
375150.0,599143.0
378128.0,602807.0
411189.0,537566.0
361487.0,658702.0
354572.0,598382.0
325771.0,607319.0
395631.0,554990.0
470376.0,651042.0
362244.0,593937.0
330273.0,513797.0
361869.0,606822.0
354575.0,567096.0
346162.0,506585.0
383163.0,629218.0
370345.0,589422.0
397489.0,485721.0
438940.0,577825.0
359463.0,668411.0
406041.0,621986.0
402214.0,492662.0
430794.0,509355.0
305197.0,609438.0
298351.0,548302.0
291864.0,540132.0
359824.0,590166.0
458190.0,577246.0
372281.0,596782.0
319176.0,585656.0
363594.0,587938.0
347767.0,585585.0
425244.0,633670.0
284612.0,678464.0
399675.0,628692.0
432369.0,766156.0
812867.0,485093.0
770640.0,458114.0
716258.0,442008.0
751068.0,497248.0
779035.0,491672.0
742604.0,492019.0
775801.0,494074.0
698085.0,363966.0
721449.0,469014.0
816863.0,423103.0
837462.0,386854.0
759925.0,455843.0
769079.0,421658.0
746455.0,437274.0
752811.0,453054.0
785049.0,511508.0
875616.0,495784.0
725283.0,472231.0
820763.0,516674.0
841308.0,379572.0
836801.0,442209.0
719138.0,520872.0
725537.0,457639.0
736751.0,440781.0
819553.0,447678.0
679508.0,456573.0
784933.0,469255.0
779538.0,435477.0
732860.0,438989.0
759880.0,457784.0
782723.0,539812.0
767958.0,459685.0
757490.0,447368.0
836241.0,474394.0
739413.0,470975.0
760401.0,454473.0
788257.0,476887.0
770609.0,452565.0
769590.0,481546.0
720678.0,462807.0
792681.0,453984.0
742910.0,431026.0
777051.0,518824.0
838690.0,437408.0
732646.0,522952.0
753577.0,492070.0
774045.0,481064.0
782247.0,477773.0
757874.0,480675.0
763039.0,503818.0
768717.0,433415.0
740846.0,456789.0
857087.0,488843.0
778680.0,518275.0
785496.0,439419.0
822588.0,497925.0
828142.0,431205.0
802806.0,394490.0
758573.0,476639.0
769020.0,363093.0
904801.0,495695.0
776741.0,457882.0
746655.0,462912.0
790422.0,404715.0
724983.0,428244.0
788958.0,470172.0
704307.0,325128.0
881354.0,489861.0
775035.0,435657.0
810526.0,516372.0
787807.0,420662.0
770397.0,357610.0
802389.0,379270.0
783076.0,420789.0
762677.0,451092.0
780394.0,517962.0
741799.0,435729.0
696656.0,436446.0
778527.0,331545.0
679699.0,435629.0
777542.0,454217.0
828194.0,441404.0
749376.0,456751.0
779030.0,365993.0
756607.0,493380.0
736980.0,442885.0
729632.0,432452.0
871742.0,425450.0
832563.0,450041.0
762459.0,512029.0
707753.0,428850.0
821619.0,523748.0
817754.0,458414.0
804643.0,482140.0
820233.0,445966.0
797421.0,411653.0
836553.0,387899.0
676750.0,435809.0
876057.0,488897.0
744341.0,467257.0
763355.0,524703.0
746210.0,491441.0
838112.0,485719.0
732391.0,400504.0
655884.0,450276.0
768298.0,457564.0
812729.0,375966.0
771591.0,465961.0
669263.0,468773.0
817812.0,460361.0
767674.0,485970.0
785544.0,594199.0
867575.0,474161.0
774162.0,423299.0
824381.0,433841.0
705346.0,503047.0
756675.0,449910.0
793807.0,454424.0
804685.0,470820.0
766994.0,561529.0
764276.0,469666.0
781639.0,441804.0
769737.0,471361.0
760120.0,429462.0
757732.0,515928.0
844142.0,381128.0
753568.0,431473.0
712073.0,525378.0
791645.0,351540.0
800131.0,443929.0
829330.0,455928.0
804150.0,456345.0
787929.0,516489.0
760088.0,422467.0
873020.0,427985.0
785897.0,539924.0
685747.0,472444.0
788128.0,467327.0
794714.0,463424.0
800019.0,452264.0
797981.0,533716.0
778534.0,458954.0
818302.0,491733.0
765572.0,450161.0
892024.0,589293.0
766295.0,456154.0
776673.0,426355.0
736671.0,458532.0
778790.0,452339.0
765732.0,411670.0
910600.0,513296.0
773720.0,477145.0
879603.0,512088.0
865100.0,444383.0
786335.0,446061.0
808882.0,359757.0
766264.0,461683.0
750057.0,419304.0
772731.0,458007.0
788598.0,499879.0
774066.0,449203.0
840446.0,462354.0
792880.0,375922.0
783246.0,460091.0
828358.0,525005.0
631955.0,390694.0
772834.0,431132.0
753712.0,432239.0
731688.0,545050.0
792131.0,367036.0
780970.0,489198.0
701610.0,428261.0
810928.0,506468.0
847608.0,396443.0
768624.0,412588.0
760254.0,470313.0
748747.0,453685.0
762075.0,470074.0
809827.0,447538.0
725342.0,507403.0
714658.0,442900.0
723331.0,323890.0
803749.0,443152.0
811750.0,467544.0
683857.0,304687.0
681028.0,436154.0
711317.0,423116.0
758038.0,478490.0
764829.0,440777.0
771303.0,476389.0
767666.0,455063.0
782481.0,403287.0
768536.0,447107.0
813966.0,431645.0
771133.0,456652.0
802474.0,416970.0
755924.0,327840.0
722585.0,454347.0
823998.0,509862.0
747828.0,491637.0
765907.0,471359.0
713972.0,463640.0
918802.0,580164.0
691769.0,506227.0
804779.0,433233.0
817965.0,443126.0
730564.0,470566.0
783116.0,474875.0
868366.0,473515.0
737843.0,473794.0
763862.0,462967.0
753322.0,411437.0
773570.0,468479.0
800695.0,495326.0
749570.0,499602.0
757571.0,456501.0
699256.0,478026.0
737321.0,481392.0
822490.0,456696.0
792949.0,488708.0
827190.0,468237.0
768118.0,452072.0
845373.0,401568.0
821248.0,370796.0
766478.0,482961.0
787863.0,548878.0
774221.0,460237.0
808963.0,470339.0
800271.0,423548.0
833333.0,509921.0
764002.0,430369.0
703839.0,449812.0
792415.0,489241.0
820613.0,428325.0
779665.0,435737.0
782782.0,482192.0
828469.0,565468.0
811894.0,472572.0
771993.0,547456.0
745108.0,391732.0
769629.0,468664.0
770920.0,463114.0
842751.0,379579.0
825552.0,441302.0
858687.0,421599.0
870282.0,451812.0
832252.0,414566.0
777780.0,448384.0
767262.0,488955.0
808072.0,471630.0
680509.0,499374.0
791916.0,456452.0
769627.0,464332.0
747634.0,465379.0
789926.0,511762.0
781283.0,462832.0
722371.0,473525.0
795526.0,515092.0
769990.0,460781.0
748006.0,431861.0
780420.0,398846.0
857932.0,451823.0
644608.0,408500.0
782185.0,502275.0
780969.0,434979.0
817967.0,436171.0
764936.0,490073.0
669221.0,431038.0
760858.0,452262.0
767031.0,401176.0
778966.0,490640.0
769439.0,449236.0
770226.0,455986.0
769744.0,467279.0
783722.0,502320.0
796442.0,347986.0
798112.0,450127.0
740440.0,345394.0
717317.0,436592.0
761005.0,379392.0
885441.0,489919.0
739130.0,472736.0
712317.0,509461.0
759736.0,474080.0
752011.0,344347.0
684990.0,515635.0
747595.0,497873.0
749796.0,414328.0
787329.0,392788.0
761804.0,468788.0
740457.0,494170.0
804966.0,464517.0
783698.0,484880.0
765328.0,481077.0
779168.0,449276.0
742464.0,439232.0
758827.0,454990.0
773401.0,446208.0
819024.0,462882.0
778463.0,442860.0
850360.0,467513.0
774626.0,426996.0
772576.0,444470.0
765547.0,551232.0
774184.0,438112.0
767014.0,458870.0
786521.0,462058.0
838334.0,454336.0
789159.0,547308.0
783475.0,444834.0
768052.0,465358.0
858514.0,427300.0
674506.0,444164.0
737829.0,457994.0
818199.0,474399.0
774855.0,456933.0
766187.0,361542.0
794791.0,423525.0
779792.0,505850.0
749874.0,472359.0
793852.0,512313.0
832078.0,415861.0
753828.0,462142.0
776158.0,458536.0
784679.0,460236.0
753288.0,460147.0
770685.0,449122.0
708713.0,456075.0
741589.0,437529.0
773030.0,458539.0
713029.0,485369.0
659040.0,471754.0
769961.0,460597.0
275432.0,742643.0
329078.0,760382.0
323865.0,823966.0
369005.0,754831.0
354651.0,775173.0
338161.0,766092.0
401049.0,736863.0
363747.0,796555.0
270448.0,791644.0
422131.0,772606.0
365392.0,803201.0
287417.0,771006.0
350553.0,684674.0
303171.0,870927.0
412895.0,843165.0
234376.0,725515.0
366673.0,787763.0
299701.0,852324.0
426167.0,820418.0
350038.0,738622.0
359147.0,695151.0
340241.0,765381.0
341938.0,759511.0
422082.0,697705.0
378737.0,851075.0
311118.0,688674.0
380175.0,769543.0
340123.0,755191.0
363067.0,786920.0
278913.0,696329.0
404172.0,817083.0
336529.0,723224.0
335888.0,832790.0
301242.0,756400.0
312676.0,748595.0
324865.0,808220.0
399405.0,783596.0
343748.0,757276.0
302675.0,842773.0
380862.0,778022.0
299592.0,741551.0
313135.0,798499.0
300725.0,761968.0
368938.0,802272.0
322164.0,776942.0
199734.0,747143.0
378147.0,773517.0
365024.0,780330.0
285121.0,701373.0
313118.0,770036.0
385399.0,736998.0
321299.0,714734.0
204224.0,840549.0
378382.0,818283.0
356238.0,686312.0
379569.0,688741.0
378080.0,864492.0
383526.0,842464.0
362630.0,728629.0
340654.0,791614.0
390459.0,752118.0
353818.0,769467.0
247442.0,740079.0
286600.0,774434.0
270798.0,761123.0
364037.0,762429.0
339069.0,768150.0
341287.0,765609.0
346187.0,845148.0
307636.0,743357.0
351111.0,772788.0
287030.0,889381.0
281791.0,702540.0
369144.0,835018.0
331827.0,772972.0
381867.0,654942.0
328562.0,827191.0
323726.0,757545.0
403389.0,802374.0
321652.0,686774.0
333852.0,706461.0
339055.0,768351.0
217342.0,709135.0
308276.0,833346.0
326310.0,801638.0
368565.0,772596.0
352011.0,696750.0
378019.0,762181.0
366994.0,776741.0
325332.0,848811.0
379351.0,728500.0
388673.0,774578.0
309089.0,724287.0
327976.0,785379.0
323653.0,749974.0
339076.0,880938.0
337839.0,762190.0
452203.0,707339.0
326758.0,760317.0
329972.0,877567.0
369754.0,782968.0
349871.0,745707.0
284039.0,829987.0
338702.0,781652.0
415403.0,744129.0
458227.0,620044.0
210255.0,756948.0
325827.0,777597.0
369575.0,761064.0
384300.0,773739.0
272174.0,751083.0
382847.0,744056.0
327066.0,762819.0
343436.0,759686.0
395490.0,719173.0
279930.0,736996.0
314965.0,754780.0
405310.0,791720.0
251214.0,781864.0
436352.0,749800.0
323870.0,725571.0
344276.0,784744.0
339475.0,766522.0
360757.0,776085.0
319179.0,872555.0
372498.0,818024.0
337352.0,766807.0
335340.0,753871.0
321433.0,764514.0
256670.0,680965.0
334983.0,770183.0
330497.0,830234.0
337331.0,766646.0
338850.0,769116.0
295535.0,793164.0
332989.0,752606.0
327270.0,844822.0
332673.0,766866.0
294841.0,723085.0
344744.0,754213.0
375488.0,760828.0
355728.0,700289.0
286646.0,802691.0
367871.0,757420.0
288222.0,707014.0
383213.0,856476.0
387455.0,812731.0
351526.0,777412.0
381459.0,779691.0
352657.0,765184.0
333308.0,723602.0
339561.0,764293.0
337154.0,773873.0
351276.0,732030.0
402076.0,640063.0
337393.0,788989.0
322096.0,748245.0
245918.0,796793.0
347773.0,768517.0
376596.0,730991.0
410868.0,722515.0
417320.0,887671.0
266582.0,700362.0
319913.0,623717.0
380648.0,755867.0
376692.0,747551.0
192525.0,705515.0
338538.0,762384.0
388048.0,775014.0
361373.0,713920.0
327819.0,757340.0
342486.0,712916.0
335691.0,812275.0
339820.0,768235.0
375864.0,743508.0
354754.0,706259.0
377259.0,876455.0
415349.0,800504.0
353023.0,728989.0
333260.0,777654.0
318837.0,780000.0
339384.0,767935.0
293549.0,743706.0
374888.0,849295.0
354038.0,762552.0
346203.0,757151.0
385075.0,739768.0
342160.0,869756.0
347518.0,737493.0
344088.0,809292.0
347494.0,748696.0
413356.0,755310.0
340112.0,784074.0
358018.0,773902.0
203047.0,781822.0
328257.0,713104.0
293637.0,787835.0
295866.0,757519.0
312461.0,769842.0
352537.0,720620.0
351828.0,788014.0
356534.0,602783.0
330877.0,787528.0
361183.0,815996.0
339922.0,745595.0
362522.0,695598.0
356310.0,756195.0
426048.0,765736.0
340827.0,781884.0
341314.0,770888.0
355506.0,760219.0
341053.0,774802.0
401726.0,762696.0
281326.0,748242.0
325647.0,702766.0
318474.0,767898.0
387922.0,734461.0
341710.0,771458.0
338855.0,870413.0
401394.0,809442.0
312975.0,771492.0
332795.0,806280.0
350450.0,760389.0
215432.0,901172.0
347258.0,768621.0
377543.0,783649.0
311045.0,703174.0
412603.0,782990.0
338413.0,768535.0
389722.0,807953.0
341852.0,769728.0
288972.0,823270.0
333886.0,809900.0
345252.0,792233.0
416542.0,768872.0
312646.0,683835.0
274758.0,814504.0
326038.0,799594.0
333508.0,766977.0
243008.0,731537.0
282899.0,782209.0
340472.0,778615.0
328233.0,756845.0
367643.0,661190.0
344023.0,762757.0
404673.0,834197.0
368919.0,886789.0
354373.0,722590.0
375813.0,862251.0
405965.0,814447.0
334570.0,796264.0
323218.0,816241.0
361355.0,849912.0
188957.0,774053.0
274750.0,759508.0
368503.0,755875.0
377202.0,861356.0
318760.0,832545.0
252218.0,724095.0
389390.0,776292.0
363279.0,884479.0
317335.0,872647.0
437104.0,735378.0
310252.0,647306.0
310794.0,720512.0
434796.0,679860.0
258349.0,843042.0
336650.0,791627.0
439131.0,789893.0
365373.0,790916.0
359100.0,770101.0
338840.0,768358.0
287351.0,756126.0
331637.0,845010.0
334778.0,767838.0
349816.0,749983.0
342307.0,816230.0
310594.0,781190.0
429132.0,793284.0
288111.0,747291.0
352776.0,794563.0
388702.0,853355.0
359754.0,739678.0
310666.0,794425.0
333813.0,811279.0
343737.0,797333.0
330703.0,770342.0
322216.0,772782.0
257400.0,858267.0
263856.0,831239.0
345300.0,674898.0
313931.0,771900.0
355740.0,765564.0
368338.0,772516.0
395214.0,766350.0
325345.0,775176.0
276933.0,735965.0
481496.0,837105.0
401738.0,821984.0
333319.0,754582.0
384475.0,663045.0
350922.0,745052.0
427699.0,793830.0
354389.0,777151.0
304814.0,726267.0
327954.0,744825.0
255660.0,711620.0
431845.0,759463.0
341657.0,722211.0
304897.0,757316.0
331956.0,838487.0
339424.0,748086.0
401212.0,778857.0
312131.0,779395.0
391974.0,777400.0
356768.0,815956.0
346928.0,749351.0
368884.0,663243.0
356546.0,672919.0
338126.0,773418.0
325242.0,711972.0
434023.0,720618.0
349202.0,772624.0
262857.0,732247.0
289524.0,765791.0
256399.0,768787.0
405094.0,887315.0
340328.0,733712.0
212839.0,799410.0
350832.0,773204.0
345523.0,749235.0
353828.0,773488.0
411679.0,765620.0
339162.0,754204.0
437815.0,811589.0
324202.0,756632.0
314404.0,739541.0
663479.0,294764.0
704752.0,149529.0
687864.0,334314.0
725975.0,419132.0
640290.0,150801.0
462684.0,249848.0
654544.0,299302.0
684563.0,161151.0
666831.0,234273.0
631259.0,250371.0
625738.0,214440.0
692924.0,364300.0
659348.0,249719.0
634541.0,371495.0
670244.0,228785.0
790219.0,318519.0
682763.0,238056.0
661501.0,241447.0
687755.0,166696.0
579229.0,264525.0
636214.0,199566.0
697168.0,356351.0
685013.0,245995.0
722393.0,204056.0
634085.0,357560.0
748632.0,303210.0
813013.0,239286.0
768845.0,196273.0
636720.0,175021.0
760099.0,205482.0
608336.0,287007.0
580690.0,341261.0
691945.0,197801.0
646032.0,294629.0
645066.0,239339.0
665604.0,247847.0
573838.0,130578.0
657941.0,251951.0
482467.0,261571.0
637015.0,194451.0
797132.0,207327.0
661727.0,201322.0
573047.0,145317.0
677014.0,231981.0
644303.0,206376.0
616123.0,394891.0
778497.0,196877.0
586211.0,302205.0
695564.0,259693.0
599394.0,236126.0
659909.0,230953.0
663644.0,258401.0
747290.0,285494.0
626643.0,302818.0
743247.0,227863.0
679884.0,240328.0
618981.0,180196.0
627769.0,230116.0
643612.0,241919.0
679599.0,169245.0
692698.0,173011.0
649722.0,257715.0
675641.0,248576.0
661739.0,250605.0
707368.0,262913.0
768692.0,312201.0
690271.0,233373.0
543978.0,97674.0
662803.0,316064.0
638618.0,331724.0
530945.0,346790.0
685605.0,143450.0
586580.0,196686.0
724710.0,214863.0
722724.0,152849.0
675103.0,234137.0
630204.0,191677.0
703638.0,291576.0
566781.0,253201.0
666139.0,287601.0
644816.0,220259.0
700326.0,215303.0
629644.0,224460.0
675365.0,283731.0
698945.0,409710.0
615725.0,299612.0
642217.0,202603.0
575437.0,163916.0
640801.0,214345.0
697907.0,254091.0
610401.0,263571.0
769962.0,204961.0
717196.0,294959.0
661631.0,203655.0
650189.0,141059.0
723822.0,164806.0
712436.0,266489.0
680187.0,231984.0
609628.0,293600.0
706769.0,179481.0
623527.0,261637.0
648772.0,257580.0
665366.0,229143.0
657479.0,298270.0
675810.0,220448.0
801313.0,231471.0
701750.0,159771.0
687988.0,236756.0
704998.0,220269.0
661872.0,303218.0
812335.0,145881.0
684973.0,213675.0
675946.0,203786.0
663613.0,225661.0
607657.0,133206.0
671072.0,219958.0
626963.0,256494.0
678467.0,288567.0
697035.0,239427.0
607708.0,342005.0
661286.0,281837.0
689180.0,217956.0
647726.0,218283.0
666623.0,237639.0
693233.0,193535.0
673109.0,235776.0
721705.0,192197.0
631355.0,228662.0
679730.0,225743.0
716418.0,314078.0
644694.0,347861.0
684191.0,237523.0
760202.0,196802.0
670011.0,226876.0
643632.0,295352.0
730098.0,212282.0
703395.0,254495.0
624601.0,315102.0
686414.0,193842.0
699952.0,246665.0
657548.0,244506.0
700741.0,229505.0
686852.0,260761.0
641211.0,271307.0
681629.0,317375.0
598514.0,204825.0
641707.0,146501.0
645692.0,251505.0
587217.0,219421.0
656954.0,290787.0
625575.0,213450.0
438598.0,217370.0
767831.0,244150.0
707816.0,292417.0
661698.0,260101.0
676583.0,234098.0
724232.0,188780.0
764314.0,327680.0
665046.0,256805.0
673020.0,232150.0
684133.0,236468.0
755051.0,310544.0
574675.0,100232.0
713087.0,262519.0
630901.0,224817.0
666296.0,235082.0
680712.0,216139.0
666425.0,247375.0
627288.0,194911.0
715759.0,308176.0
659801.0,282243.0
693253.0,396810.0
648230.0,256161.0
673247.0,259654.0
599171.0,283219.0
646199.0,234073.0
732457.0,275202.0
590273.0,246225.0
660012.0,229366.0
779640.0,154167.0
663945.0,146009.0
680469.0,247815.0
719272.0,167728.0
648199.0,236502.0
667902.0,247080.0
831366.0,284129.0
616694.0,329494.0
581447.0,257748.0
621256.0,307229.0
722581.0,160702.0
821665.0,271369.0
697626.0,143983.0
621781.0,185062.0
668875.0,208599.0
584741.0,206045.0
660846.0,218097.0
730643.0,201515.0
548106.0,319645.0
647793.0,265192.0
687700.0,246808.0
833665.0,190847.0
611253.0,209801.0
610358.0,246637.0
687029.0,305432.0
683430.0,235693.0
677877.0,228674.0
703999.0,231972.0
655507.0,112303.0
630562.0,190517.0
857893.0,204452.0
702457.0,241384.0
708145.0,137400.0
672047.0,228193.0
711755.0,119610.0
609341.0,339091.0
734877.0,227867.0
684820.0,208802.0
723339.0,182158.0
684537.0,230682.0
657208.0,250580.0
689549.0,251854.0
601204.0,175819.0
670620.0,239532.0
682997.0,232646.0
651828.0,219966.0
633915.0,212904.0
696402.0,205230.0
685138.0,215549.0
662862.0,228399.0
705094.0,214941.0
722687.0,215956.0
567349.0,212037.0
686364.0,222994.0
665993.0,254761.0
581174.0,200255.0
778587.0,278621.0
627746.0,252193.0
766963.0,336734.0
610365.0,279255.0
727566.0,325727.0
583002.0,137899.0
692773.0,256384.0
648202.0,188916.0
824273.0,218640.0
627398.0,318292.0
713500.0,253377.0
674192.0,234448.0
727006.0,208009.0
654520.0,249774.0
783798.0,79069.0
700543.0,241909.0
810450.0,288789.0
670975.0,242456.0
689454.0,327080.0
671400.0,213507.0
603615.0,144499.0
724859.0,265729.0
629249.0,298108.0
686622.0,219289.0
664932.0,227283.0
745302.0,307779.0
644937.0,213926.0
694914.0,222586.0
666907.0,220861.0
639236.0,233334.0
803844.0,290802.0
711380.0,179396.0
688470.0,129536.0
633948.0,164555.0
677648.0,237511.0
627418.0,179787.0
702705.0,229103.0
710877.0,159351.0
616901.0,271065.0
673465.0,231392.0
706523.0,272795.0
610112.0,205501.0
741374.0,222098.0
671244.0,242879.0
775326.0,70003.0
718617.0,92221.0
752416.0,312974.0
713485.0,197303.0
640791.0,266102.0
667378.0,235104.0
665859.0,241409.0
721402.0,191833.0
669931.0,228791.0
693277.0,192760.0
716570.0,198690.0
665715.0,193493.0
633698.0,275407.0
668606.0,214400.0
656719.0,237159.0
711732.0,267840.0
771166.0,366713.0
668269.0,223207.0
675435.0,227880.0
604526.0,371162.0
637822.0,252198.0
652343.0,185585.0
780310.0,152566.0
653081.0,212019.0
692659.0,199607.0
674003.0,237226.0
658060.0,262926.0
617819.0,291969.0
683826.0,274660.0
553929.0,354192.0
691623.0,224322.0
655521.0,227784.0
597038.0,375515.0
773754.0,117155.0
683048.0,225917.0
599357.0,382212.0
692368.0,227060.0
677384.0,240574.0
708373.0,176688.0
703267.0,198849.0
674640.0,234683.0
645788.0,270955.0
674296.0,306232.0
534742.0,212516.0
717803.0,165536.0
774925.0,226921.0
658940.0,210837.0
620691.0,91896.0
715703.0,221045.0
734164.0,244321.0
667687.0,177587.0
691458.0,268374.0
569091.0,392140.0
650451.0,214454.0
643307.0,255324.0
298162.0,462343.0
308124.0,480756.0
296840.0,471886.0
302128.0,467130.0
319762.0,487209.0
302825.0,473482.0
286712.0,455045.0
378119.0,574071.0
314264.0,472072.0
354728.0,549699.0
313003.0,474183.0
301400.0,452633.0
290961.0,458952.0
315539.0,494464.0
326777.0,507870.0
301735.0,466147.0
302708.0,457812.0
304757.0,471245.0
304910.0,466396.0
293010.0,464228.0
306771.0,464847.0
325790.0,490093.0
297531.0,465521.0
311035.0,464407.0
248064.0,385404.0
301309.0,448921.0
294779.0,468031.0
314355.0,486700.0
293300.0,461288.0
322419.0,511062.0
297561.0,462499.0
316280.0,488265.0
297158.0,455383.0
305804.0,478996.0
296833.0,465099.0
301839.0,466431.0
296127.0,451580.0
333972.0,518983.0
304003.0,469368.0
305369.0,486476.0
303748.0,484129.0
297136.0,458574.0
304531.0,463972.0
301354.0,466911.0
302114.0,468235.0
307662.0,469261.0
290160.0,456888.0
273506.0,430229.0
314134.0,494760.0
321267.0,512173.0
286598.0,453970.0
278060.0,447127.0
309665.0,467489.0
311471.0,465878.0
341302.0,513292.0
286113.0,458705.0
309274.0,468616.0
303379.0,459313.0
301917.0,466587.0
304463.0,463396.0
283322.0,437377.0
294399.0,467258.0
301553.0,466081.0
265615.0,397881.0
293555.0,466340.0
299556.0,461377.0
298429.0,445875.0
303443.0,481375.0
278245.0,445125.0
284649.0,453954.0
288694.0,456625.0
302999.0,467408.0
299323.0,457213.0
278660.0,430490.0
280745.0,448472.0
292604.0,438435.0
318196.0,475428.0
307445.0,485165.0
305904.0,457134.0
300138.0,466827.0
315486.0,474542.0
344759.0,527275.0
282157.0,452420.0
301516.0,480376.0
301103.0,466532.0
318317.0,477780.0
301329.0,479974.0
279190.0,435982.0
312653.0,470121.0
235777.0,363262.0
353747.0,550016.0
294641.0,463467.0
299405.0,467321.0
298688.0,467527.0
299392.0,476204.0
307511.0,460817.0
293552.0,470029.0
288520.0,459146.0
294116.0,469203.0
285632.0,447998.0
352194.0,555752.0
302140.0,469135.0
301021.0,451023.0
304263.0,465876.0
357577.0,542854.0
305746.0,457211.0
302247.0,468735.0
301688.0,467763.0
306324.0,464451.0
301246.0,464934.0
295621.0,443984.0
299840.0,455306.0
280342.0,422564.0
304909.0,469704.0
295647.0,459331.0
309441.0,474874.0
302166.0,467127.0
351480.0,550654.0
295723.0,462404.0
302247.0,467151.0
360250.0,564666.0
298692.0,459403.0
281625.0,446114.0
271544.0,410249.0
302293.0,467398.0
302281.0,467245.0
328581.0,499548.0
302893.0,462879.0
302563.0,468913.0
302740.0,461700.0
301895.0,466961.0
288539.0,454489.0
302305.0,470321.0
310477.0,471324.0
230379.0,367267.0
334429.0,506721.0
322996.0,489435.0
309674.0,462816.0
304650.0,476808.0
242330.0,380822.0
304845.0,480055.0
304732.0,454962.0
310827.0,471167.0
300276.0,476397.0
301165.0,480078.0
287339.0,460341.0
272417.0,426715.0
302620.0,473662.0
300445.0,478181.0
333321.0,507283.0
297523.0,466088.0
289251.0,448546.0
301710.0,468840.0
305021.0,469750.0
300492.0,472771.0
295006.0,463228.0
302039.0,471999.0
301647.0,465574.0
313424.0,467865.0
323688.0,512377.0
301209.0,469544.0
291709.0,460982.0
299848.0,467291.0
296944.0,457743.0
303079.0,465146.0
318596.0,495336.0
310107.0,488669.0
244302.0,395484.0
306630.0,467244.0
293130.0,448860.0
299956.0,474505.0
300388.0,466048.0
304181.0,486886.0
299675.0,456961.0
307262.0,465993.0
303100.0,466963.0
337540.0,528665.0
302271.0,456206.0
324331.0,496721.0
211080.0,330547.0
299227.0,464586.0
314978.0,473467.0
359277.0,542515.0
309457.0,468241.0
299647.0,460476.0
307990.0,472006.0
311035.0,463116.0
300259.0,466744.0
311306.0,472450.0
302232.0,468550.0
302810.0,471832.0
301095.0,481719.0
285873.0,432659.0
307476.0,482122.0
305860.0,471669.0
301981.0,463814.0
321018.0,494943.0
325807.0,489992.0
301724.0,482990.0
305338.0,463659.0
305398.0,456976.0
317195.0,483920.0
278949.0,444132.0
247959.0,372004.0
301718.0,468333.0
314277.0,480288.0
264221.0,401904.0
292543.0,468559.0
302818.0,466653.0
302569.0,455649.0
301977.0,469492.0
281543.0,446191.0
309190.0,463094.0
300865.0,466992.0
295754.0,460165.0
301898.0,467169.0
294903.0,451549.0
299351.0,475862.0
264798.0,425704.0
312381.0,480310.0
311989.0,474358.0
310749.0,487996.0
300598.0,466086.0
320666.0,493689.0
297571.0,466687.0
323007.0,489939.0
282124.0,437396.0
280587.0,439375.0
300906.0,465270.0
306118.0,467787.0
302325.0,451490.0
299877.0,467084.0
304835.0,467740.0
304255.0,479517.0
302695.0,462809.0
303274.0,467684.0
274271.0,436620.0
301589.0,457379.0
286452.0,440418.0
261847.0,409501.0
302394.0,466491.0
299421.0,468867.0
300553.0,475975.0
263067.0,399854.0
283804.0,444856.0
303161.0,466808.0
355547.0,552469.0
302745.0,466642.0
306539.0,464740.0
303418.0,470191.0
299265.0,456316.0
308503.0,471717.0
295732.0,467480.0
290687.0,464257.0
302412.0,467255.0
303421.0,453578.0
298482.0,472971.0
291330.0,459101.0
303358.0,465484.0
294055.0,462481.0
303592.0,466202.0
301105.0,469575.0
284023.0,445529.0
302567.0,452768.0
301802.0,477816.0
293220.0,467979.0
201463.0,306133.0
285106.0,450168.0
288456.0,463092.0
307755.0,466830.0
305592.0,488363.0
293528.0,468419.0
273959.0,436147.0
305594.0,485190.0
297338.0,464817.0
345034.0,520760.0
298858.0,469979.0
301300.0,451612.0
298122.0,459285.0
299799.0,464162.0
298020.0,461247.0
311980.0,489001.0
303076.0,467888.0
316818.0,481860.0
301986.0,469614.0
303537.0,460273.0
302581.0,460114.0
294501.0,440610.0
312940.0,472015.0
301441.0,475850.0
304243.0,453004.0
299180.0,460667.0
265702.0,417167.0
277318.0,424240.0
302556.0,465695.0
301334.0,470777.0
317728.0,487651.0
258915.0,416872.0
302246.0,467715.0
295666.0,467131.0
281520.0,451648.0
313982.0,467935.0
299843.0,469231.0
304801.0,464973.0
304166.0,469615.0
348011.0,520212.0
287878.0,443449.0
296144.0,467737.0
268583.0,428844.0
294979.0,460876.0
302140.0,467036.0
298745.0,464084.0
302303.0,469688.0
294932.0,462371.0
324214.0,506808.0
301824.0,468800.0
308736.0,469945.0
306725.0,467459.0
302608.0,467094.0
335859.0,504479.0
306583.0,466708.0
307843.0,458481.0
329247.0,521002.0
315924.0,496418.0
324603.0,484798.0
282851.0,437393.0
298930.0,477167.0
299870.0,465798.0
273200.0,425098.0
306086.0,465044.0
300786.0,479710.0
323639.0,484003.0
283998.0,427380.0
296145.0,445532.0
310099.0,468279.0
315078.0,473125.0
304926.0,474183.0
620426.0,782049.0
569986.0,735283.0
606914.0,727312.0
540968.0,707506.0
603436.0,776364.0
520694.0,709182.0
575437.0,729460.0
553948.0,717918.0
668302.0,772847.0
584599.0,887469.0
586777.0,717506.0
625499.0,806492.0
572616.0,799804.0
623086.0,777344.0
603443.0,773602.0
666684.0,762429.0
546024.0,757888.0
598619.0,776307.0
579711.0,777956.0
599436.0,777991.0
604699.0,769657.0
592940.0,772041.0
651436.0,779402.0
481832.0,673918.0
558389.0,796826.0
655042.0,831333.0
668918.0,687473.0
605621.0,799047.0
661332.0,825231.0
646138.0,799343.0
635262.0,793954.0
605360.0,748001.0
615273.0,769656.0
591018.0,769500.0
539642.0,783549.0
577575.0,845487.0
560658.0,753025.0
636476.0,773495.0
621999.0,750930.0
598907.0,793792.0
623024.0,782848.0
609521.0,729210.0
603969.0,770526.0
607170.0,759788.0
684844.0,790304.0
575952.0,758782.0
596838.0,673213.0
617099.0,826590.0
575202.0,760716.0
589717.0,776528.0
621167.0,719091.0
519162.0,693075.0
574058.0,670564.0
582824.0,728821.0
619072.0,712754.0
519241.0,710202.0
613304.0,755125.0
602049.0,784031.0
549332.0,756403.0
642353.0,762144.0
522216.0,707434.0
642099.0,800475.0
700249.0,794205.0
605390.0,758202.0
622999.0,808139.0
572289.0,760263.0
594969.0,749794.0
579886.0,766862.0
621449.0,850244.0
650888.0,919194.0
649153.0,799300.0
575102.0,782696.0
603917.0,769625.0
621254.0,604624.0
614548.0,774384.0
624467.0,726212.0
599197.0,798690.0
611507.0,809966.0
610503.0,791933.0
653893.0,763630.0
621834.0,792774.0
632236.0,779506.0
583715.0,813414.0
579903.0,758123.0
540388.0,798982.0
597649.0,727191.0
554645.0,861795.0
549894.0,761775.0
608021.0,769876.0
663252.0,808434.0
593060.0,770446.0
625490.0,801096.0
547686.0,759495.0
522425.0,795908.0
683284.0,779170.0
609936.0,718104.0
654474.0,787382.0
625817.0,640833.0
586549.0,713343.0
616658.0,921670.0
573470.0,770072.0
576132.0,705393.0
604481.0,836313.0
576751.0,783733.0
667692.0,845928.0
600943.0,765397.0
602011.0,712813.0
604939.0,828925.0
623959.0,800463.0
636483.0,678390.0
723920.0,850744.0
581846.0,640696.0
650089.0,676996.0
576578.0,752588.0
554494.0,817515.0
602317.0,766823.0
613913.0,701286.0
620989.0,734549.0
604367.0,737948.0
604615.0,770000.0
579493.0,828004.0
603504.0,764811.0
610403.0,784034.0
657175.0,722558.0
590308.0,771445.0
663805.0,697745.0
607828.0,749927.0
593064.0,843485.0
583388.0,763518.0
605701.0,729631.0
605684.0,789488.0
660412.0,810228.0
652944.0,752248.0
475492.0,582878.0
567586.0,611822.0
585647.0,794452.0
576231.0,842682.0
565579.0,889435.0
616790.0,771970.0
561306.0,836308.0
577346.0,810403.0
603366.0,768429.0
598984.0,756285.0
602600.0,675441.0
651625.0,785292.0
587866.0,895162.0
588360.0,775423.0
600642.0,772752.0
552992.0,741422.0
584389.0,773426.0
546434.0,717759.0
703047.0,822565.0
682875.0,748848.0
585556.0,691221.0
651752.0,692792.0
644749.0,747914.0
616956.0,804144.0
624555.0,778074.0
593006.0,794799.0
553654.0,845374.0
607614.0,766597.0
594125.0,779499.0
622335.0,748674.0
591505.0,789512.0
639420.0,717000.0
606839.0,747350.0
610525.0,772504.0
616248.0,784467.0
597852.0,777787.0
614072.0,774948.0
532891.0,760640.0
593052.0,795629.0
648097.0,808969.0
591128.0,786515.0
636129.0,761048.0
598666.0,773636.0
568476.0,700454.0
600673.0,779334.0
653709.0,848123.0
575155.0,782074.0
592978.0,833774.0
620431.0,729615.0
552564.0,795617.0
657316.0,780021.0
567376.0,561426.0
533059.0,665299.0
581171.0,812634.0
521573.0,644245.0
616521.0,743387.0
597396.0,753138.0
644401.0,689002.0
616892.0,781848.0
510756.0,791892.0
634018.0,789783.0
553666.0,786833.0
597177.0,811842.0
497835.0,707247.0
674033.0,775030.0
596488.0,796024.0
616118.0,772027.0
602714.0,813432.0
606892.0,774425.0
633397.0,809821.0
546051.0,728072.0
609375.0,766652.0
630346.0,775969.0
570930.0,748958.0
621584.0,806402.0
618440.0,776592.0
517419.0,748044.0
552438.0,752074.0
619494.0,763453.0
598523.0,779140.0
615227.0,865032.0
588508.0,782677.0
613860.0,821095.0
569758.0,824609.0
638737.0,791146.0
668172.0,826655.0
561347.0,783806.0
606782.0,770787.0
514507.0,778070.0
652690.0,728356.0
666290.0,757320.0
625823.0,661565.0
620252.0,738540.0
567614.0,688137.0
521036.0,741029.0
601271.0,618209.0
575149.0,752638.0
585270.0,745011.0
657268.0,718557.0
619506.0,835052.0
663196.0,865287.0
599196.0,789536.0
561064.0,783504.0
644752.0,747220.0
606538.0,751156.0
646240.0,789580.0
575624.0,663013.0
699211.0,829307.0
646791.0,686056.0
593801.0,658395.0
607482.0,761676.0
672001.0,773781.0
602502.0,784937.0
629685.0,616560.0
578423.0,744283.0
692632.0,748158.0
626173.0,761921.0
654336.0,834489.0
599000.0,699584.0
660727.0,689449.0
522641.0,729742.0
670301.0,904186.0
579444.0,685389.0
604753.0,811135.0
578356.0,829602.0
638320.0,719634.0
605871.0,809984.0
634733.0,778000.0
626759.0,719233.0
614445.0,835304.0
672434.0,864542.0
679692.0,751659.0
602378.0,771080.0
586320.0,749805.0
568614.0,787974.0
574269.0,742996.0
633567.0,633826.0
572797.0,758315.0
588816.0,815431.0
607225.0,740228.0
537005.0,607915.0
697705.0,873508.0
550726.0,797298.0
653511.0,784597.0
681221.0,780669.0
590933.0,766660.0
579416.0,760667.0
583483.0,867368.0
586805.0,808559.0
603735.0,773559.0
629236.0,781842.0
611636.0,749452.0
698197.0,845952.0
623039.0,771651.0
698395.0,840754.0
574385.0,769755.0
677989.0,761037.0
628712.0,738856.0
571918.0,789110.0
615917.0,779046.0
593246.0,780664.0
576028.0,782142.0
603322.0,693121.0
600446.0,730114.0
585687.0,797464.0
536299.0,683014.0
611948.0,763405.0
660407.0,673645.0
624748.0,729779.0
598405.0,772870.0
607098.0,770769.0
625137.0,740686.0
587884.0,742783.0
590734.0,739755.0
575366.0,763538.0
475201.0,630876.0
644639.0,715683.0
606158.0,745322.0
622486.0,742237.0
605132.0,616876.0
655432.0,793959.0
613568.0,771645.0
526345.0,748079.0
547337.0,789529.0
632973.0,750923.0
643661.0,771031.0
552078.0,775224.0
599156.0,768513.0
566995.0,758953.0
603379.0,881232.0
567832.0,717150.0
617623.0,772572.0
713847.0,829946.0
593038.0,751003.0
579517.0,807643.0
662811.0,844008.0
613890.0,791915.0
631952.0,668045.0
632639.0,779056.0
587978.0,774237.0
543106.0,698050.0
696326.0,816366.0
535115.0,804940.0
605802.0,768295.0
599989.0,785063.0
595434.0,816330.0
613214.0,747615.0
607564.0,764526.0
615067.0,783515.0
652748.0,803976.0
603988.0,767132.0
606223.0,766991.0
575621.0,762906.0
849317.0,719764.0
829855.0,669176.0
817648.0,617138.0
800495.0,663237.0
763207.0,654474.0
736815.0,630833.0
822530.0,604914.0
701408.0,712045.0
757886.0,677887.0
762728.0,650165.0
778082.0,707191.0
849867.0,702894.0
774455.0,648735.0
782238.0,691958.0
768275.0,647277.0
763447.0,647606.0
776282.0,648211.0
702686.0,626338.0
784430.0,601665.0
781372.0,624447.0
808646.0,643727.0
730073.0,651354.0
737597.0,613150.0
749640.0,681722.0
804058.0,669239.0
758426.0,654991.0
772878.0,634632.0
744601.0,532467.0
774043.0,648510.0
919556.0,657168.0
878485.0,658352.0
749123.0,699895.0
696855.0,615517.0
688832.0,624587.0
841542.0,661498.0
770235.0,643385.0
778598.0,648318.0
675090.0,705321.0
810212.0,608659.0
804568.0,546931.0
850566.0,683607.0
793623.0,660669.0
801470.0,504353.0
920970.0,539943.0
777746.0,650179.0
743884.0,687353.0
816804.0,600040.0
686663.0,763910.0
727282.0,639016.0
646127.0,685811.0
882530.0,693750.0
794595.0,710008.0
771044.0,552098.0
782786.0,638430.0
776791.0,646891.0
756310.0,641197.0
811518.0,616204.0
747841.0,694744.0
633150.0,679186.0
791060.0,639338.0
755889.0,710618.0
787915.0,645862.0
741562.0,710446.0
806512.0,674130.0
815879.0,723640.0
728550.0,568546.0
737628.0,623871.0
764200.0,642757.0
743135.0,734504.0
730226.0,604219.0
673297.0,655332.0
793478.0,691850.0
769288.0,665551.0
812389.0,616359.0
757014.0,669079.0
706107.0,626154.0
803980.0,635168.0
852134.0,622979.0
765385.0,667362.0
742476.0,649704.0
773627.0,678481.0
800445.0,618896.0
776565.0,618982.0
791694.0,566240.0
795140.0,638467.0
687674.0,623722.0
696477.0,767869.0
768355.0,622927.0
747659.0,607700.0
783889.0,713185.0
776828.0,654056.0
877584.0,760480.0
769977.0,665312.0
772467.0,630518.0
723582.0,696257.0
847324.0,586198.0
714791.0,616452.0
667443.0,631167.0
633823.0,619819.0
834695.0,676173.0
737341.0,627886.0
723614.0,741808.0
766372.0,612371.0
851508.0,669500.0
785929.0,656773.0
822572.0,638495.0
614509.0,650054.0
719599.0,665667.0
725531.0,625837.0
770655.0,644621.0
796575.0,627481.0
719632.0,605620.0
692370.0,605397.0
746431.0,639285.0
849497.0,774264.0
777173.0,646377.0
781044.0,645822.0
777017.0,671668.0
690376.0,623311.0
818135.0,695958.0
756054.0,625045.0
804560.0,634463.0
785691.0,624989.0
771110.0,618493.0
856224.0,775842.0
777415.0,669022.0
826358.0,576991.0
702288.0,615674.0
871868.0,737534.0
863421.0,556163.0
734216.0,715875.0
820620.0,544991.0
758492.0,639932.0
834825.0,652349.0
656469.0,645658.0
642131.0,761618.0
798095.0,624052.0
780801.0,616099.0
790392.0,639088.0
838637.0,662843.0
705359.0,637490.0
746139.0,696194.0
753568.0,654932.0
823913.0,717175.0
849500.0,686036.0
816956.0,648508.0
838684.0,566369.0
828071.0,553924.0
880349.0,744851.0
755890.0,650952.0
769689.0,642051.0
767411.0,684641.0
845662.0,668669.0
704243.0,667822.0
773147.0,641825.0
791589.0,633439.0
743797.0,728671.0
763866.0,557826.0
775244.0,648869.0
783557.0,664250.0
754845.0,661259.0
769471.0,622717.0
846837.0,648045.0
793059.0,662047.0
743228.0,606935.0
801654.0,665379.0
758832.0,644935.0
794345.0,642700.0
793329.0,623239.0
767806.0,648815.0
800441.0,630292.0
776017.0,629009.0
773559.0,642912.0
765558.0,580027.0
760667.0,619479.0
769685.0,634898.0
785351.0,664410.0
818622.0,587545.0
689938.0,754232.0
751261.0,769046.0
771059.0,652993.0
796078.0,637676.0
771438.0,704518.0
809744.0,577267.0
730484.0,714449.0
791234.0,556725.0
772313.0,636787.0
756892.0,616333.0
693034.0,612542.0
733624.0,709082.0
804283.0,573455.0
714006.0,689522.0
845802.0,575975.0
789409.0,617921.0
740465.0,761254.0
688026.0,624499.0
658894.0,700762.0
792194.0,649882.0
789279.0,640603.0
763126.0,654167.0
787362.0,719992.0
814712.0,604796.0
826882.0,659949.0
823417.0,520369.0
799721.0,742000.0
617043.0,616855.0
768034.0,648051.0
799673.0,678375.0
795850.0,672186.0
785431.0,660382.0
754439.0,625637.0
777575.0,671849.0
654709.0,546502.0
903958.0,600721.0
747593.0,611162.0
856713.0,703334.0
818944.0,663004.0
851760.0,648655.0
843279.0,627319.0
737536.0,714588.0
687123.0,520250.0
691396.0,729656.0
862249.0,702911.0
797739.0,674392.0
824742.0,612634.0
874431.0,728151.0
745039.0,588122.0
773806.0,548339.0
680998.0,604977.0
760778.0,657818.0
748344.0,616308.0
795943.0,669189.0
619687.0,530584.0
758040.0,673319.0
654079.0,602891.0
755609.0,637855.0
810423.0,738586.0
817306.0,754565.0
748700.0,632426.0
794082.0,580741.0
644471.0,628797.0
825749.0,632692.0
754435.0,654133.0
770616.0,492112.0
869346.0,685849.0
744130.0,672757.0
737077.0,607203.0
689235.0,727046.0
942327.0,648450.0
799689.0,620328.0
771034.0,634736.0
699907.0,596579.0
821038.0,809021.0
715925.0,652944.0
765346.0,639831.0
709480.0,515734.0
642590.0,546661.0
731202.0,571459.0
722079.0,692729.0
708254.0,646655.0
831823.0,650401.0
770643.0,661104.0
772714.0,639611.0
765024.0,667410.0
730748.0,692360.0
756099.0,638326.0
850439.0,617485.0
763054.0,536829.0
672460.0,633204.0
786976.0,812041.0
758948.0,638248.0
766239.0,664712.0
677960.0,564746.0
713464.0,636603.0
816670.0,661729.0
761223.0,662772.0
748620.0,644866.0
778627.0,625144.0
830231.0,619822.0
651723.0,581835.0
762178.0,670470.0
785862.0,700887.0
788334.0,640263.0
734086.0,676695.0
780533.0,679042.0
842363.0,678292.0
817960.0,654930.0
706125.0,599114.0
807130.0,643583.0
745537.0,649889.0
832854.0,614692.0
819856.0,702275.0
770570.0,642588.0
799127.0,657202.0
838723.0,663618.0
745450.0,628468.0
822604.0,641488.0
829126.0,655522.0
668286.0,771804.0
731102.0,684738.0
716829.0,613746.0
702680.0,675943.0
690111.0,679739.0
730856.0,713582.0
687957.0,704870.0
770062.0,745566.0
779582.0,666852.0
743697.0,776555.0
877495.0,631868.0
790196.0,606516.0
789438.0,517017.0
773731.0,714556.0
780321.0,664448.0
777744.0,677676.0
722556.0,561123.0
805948.0,591815.0
795052.0,576603.0
683137.0,710832.0
767081.0,638670.0
666146.0,731650.0
851441.0,729791.0
724659.0,642275.0
682546.0,582599.0
801163.0,647326.0
764390.0,632940.0
854345.0,658560.0
797918.0,672507.0
838870.0,645345.0
638862.0,551323.0
669896.0,664351.0
807122.0,580296.0
790952.0,645819.0
772551.0,649873.0
737728.0,630596.0
764572.0,660832.0
655232.0,641407.0
657588.0,531523.0
759521.0,549107.0
736440.0,680591.0
797384.0,673709.0
788679.0,559869.0
898728.0,581772.0
879129.0,658520.0
768033.0,647973.0
777220.0,647463.0
871914.0,717063.0
754685.0,669911.0
766404.0,616671.0
748677.0,617248.0
741397.0,737233.0
561314.0,433469.0
549538.0,435373.0
604079.0,432989.0
592273.0,555508.0
552269.0,437452.0
605147.0,428525.0
539048.0,465256.0
614914.0,437499.0
554776.0,490439.0
554817.0,470618.0
566948.0,468991.0
570712.0,445782.0
611766.0,402582.0
567302.0,452704.0
518727.0,514693.0
570950.0,497879.0
600033.0,505033.0
570885.0,447320.0
632034.0,453887.0
513474.0,483972.0
528442.0,502086.0
592603.0,402498.0
544789.0,420749.0
574014.0,389542.0
548629.0,418132.0
595172.0,424584.0
494896.0,532381.0
553949.0,404671.0
628834.0,420712.0
562993.0,428895.0
544170.0,412906.0
523850.0,457175.0
563074.0,475026.0
548289.0,417613.0
521332.0,532521.0
578505.0,462512.0
546377.0,384249.0
599131.0,483273.0
578698.0,387485.0
610774.0,300142.0
570523.0,464103.0
555707.0,409191.0
602639.0,466000.0
534646.0,498385.0
569597.0,483961.0
568540.0,286373.0
549116.0,459240.0
628383.0,440899.0
592302.0,433265.0
521930.0,516022.0
596305.0,437742.0
552555.0,451505.0
564418.0,453575.0
630152.0,399612.0
592606.0,452385.0
554250.0,485929.0
552813.0,422725.0
581353.0,422035.0
633798.0,329264.0
535870.0,364752.0
548499.0,424609.0
591094.0,428983.0
539174.0,493570.0
519222.0,472674.0
567266.0,450271.0
578109.0,445639.0
553106.0,468617.0
572087.0,445578.0
534323.0,489127.0
573575.0,437153.0
496607.0,513455.0
510187.0,446256.0
520415.0,600721.0
537314.0,360883.0
577749.0,455193.0
582002.0,368000.0
553912.0,436368.0
544020.0,430877.0
558915.0,479321.0
556988.0,473147.0
578784.0,407465.0
549522.0,454772.0
583631.0,458521.0
632456.0,326334.0
594829.0,450375.0
576679.0,442984.0
595387.0,440607.0
572902.0,446585.0
544787.0,450176.0
550034.0,421016.0
584845.0,446385.0
620013.0,394519.0
571037.0,443627.0
595916.0,461238.0
565600.0,413725.0
589890.0,492728.0
539944.0,474093.0
538535.0,463262.0
551792.0,545343.0
590304.0,563644.0
544763.0,456158.0
505513.0,461790.0
498443.0,606929.0
527257.0,413130.0
510488.0,475522.0
549403.0,487498.0
529847.0,522220.0
527681.0,397697.0
566688.0,447461.0
626073.0,385980.0
603013.0,421633.0
581572.0,428652.0
517571.0,482128.0
531016.0,414249.0
652185.0,369617.0
576365.0,412912.0
622723.0,442934.0
628658.0,323368.0
586478.0,567794.0
511479.0,625590.0
574397.0,407292.0
567092.0,416060.0
561101.0,408805.0
588310.0,382758.0
597725.0,549637.0
595870.0,465527.0
577253.0,441247.0
563843.0,454673.0
505882.0,570664.0
534317.0,474038.0
562578.0,552746.0
573691.0,460949.0
569850.0,452777.0
553646.0,434911.0
556717.0,462975.0
556556.0,437152.0
601602.0,475465.0
574112.0,439146.0
588947.0,455675.0
604146.0,392560.0
572035.0,445647.0
594860.0,423719.0
660397.0,346291.0
595842.0,423222.0
564042.0,445396.0
570226.0,452777.0
588584.0,379249.0
600821.0,397843.0
546184.0,419233.0
559050.0,449705.0
576125.0,452443.0
594254.0,505644.0
641135.0,378498.0
534808.0,433772.0
562489.0,380475.0
555000.0,429445.0
578414.0,399393.0
583198.0,444288.0
598971.0,484894.0
573182.0,446293.0
557077.0,495587.0
565545.0,431355.0
625475.0,416279.0
624276.0,416813.0
542878.0,456708.0
552420.0,458349.0
580299.0,410835.0
605162.0,417595.0
557487.0,389400.0
531687.0,393551.0
592629.0,377978.0
578132.0,356545.0
571600.0,445553.0
581889.0,427904.0
569152.0,482236.0
585339.0,407598.0
586212.0,437146.0
534694.0,415000.0
571612.0,455983.0
597163.0,422632.0
581433.0,440008.0
568423.0,461579.0
563517.0,447723.0
569134.0,426914.0
520457.0,409543.0
579688.0,400848.0
484186.0,620376.0
583097.0,464245.0
599180.0,479185.0
558689.0,468460.0
574235.0,316910.0
579657.0,417081.0
494582.0,609231.0
572157.0,445225.0
577439.0,444003.0
571713.0,445386.0
567301.0,582201.0
644755.0,339828.0
545887.0,436044.0
535745.0,461424.0
535205.0,393835.0
507929.0,478580.0
590762.0,340775.0
551309.0,425961.0
565665.0,452618.0
517508.0,513703.0
526543.0,475722.0
639119.0,358006.0
562991.0,368239.0
572996.0,497155.0
519042.0,488804.0
564810.0,463459.0
596367.0,388808.0
595087.0,379387.0
558362.0,397055.0
595030.0,426154.0
550536.0,462789.0
621138.0,258569.0
540623.0,427345.0
616291.0,394486.0
612610.0,510243.0
595645.0,424032.0
543501.0,517534.0
596862.0,440952.0
498567.0,576439.0
542398.0,409980.0
567444.0,443782.0
599536.0,390145.0
549955.0,581450.0
575847.0,448953.0
564775.0,414885.0
589341.0,479549.0
628515.0,343690.0
582276.0,459903.0
612639.0,499394.0
602673.0,447328.0
605475.0,419088.0
559526.0,433871.0
567061.0,448441.0
541113.0,459090.0
588803.0,471338.0
572344.0,455060.0
584957.0,492347.0
576554.0,466239.0
588631.0,478683.0
546447.0,473800.0
542737.0,471045.0
572131.0,469052.0
483865.0,600397.0
576363.0,444789.0
566110.0,357288.0
599683.0,425477.0
547101.0,382139.0
594893.0,425276.0
613479.0,290419.0
572611.0,459870.0
592902.0,470427.0
567673.0,446242.0
576638.0,446538.0
563729.0,464894.0
600821.0,411937.0
579715.0,461164.0
539765.0,462567.0
573813.0,497940.0
633012.0,404593.0
563994.0,442850.0
586478.0,443377.0
561145.0,418234.0
562917.0,568251.0
590124.0,413815.0
532674.0,432102.0
533491.0,403425.0
598459.0,536196.0
559623.0,482799.0
635561.0,279077.0
501176.0,484170.0
535076.0,490834.0
571547.0,445254.0
621022.0,400767.0
587432.0,492754.0
579767.0,448395.0
572829.0,566750.0
565206.0,333583.0
522385.0,515447.0
551326.0,389883.0
575460.0,397168.0
540954.0,461954.0
615080.0,425202.0
565036.0,449526.0
548367.0,420593.0
601885.0,449053.0
652948.0,338597.0
531113.0,481858.0
589908.0,492240.0
587930.0,526626.0
588854.0,500932.0
564096.0,425473.0
583728.0,466508.0
597100.0,469293.0
546837.0,454214.0
562426.0,448673.0
488610.0,543789.0
612517.0,424618.0
573206.0,364324.0
597301.0,527256.0
528179.0,401204.0
565785.0,436275.0
617389.0,420689.0
557607.0,578651.0
635292.0,439123.0
523255.0,487415.0
549968.0,338345.0
506258.0,515668.0
617957.0,430762.0
648221.0,336167.0
555401.0,364838.0
554949.0,518121.0
580276.0,425658.0
546611.0,431114.0
487115.0,540451.0
615546.0,465041.0
560260.0,485008.0
580424.0,414958.0
614857.0,368811.0
577240.0,424257.0
580631.0,420831.0
544284.0,460560.0
577050.0,504380.0
515303.0,524551.0
561177.0,425638.0
562194.0,455531.0
573789.0,496278.0
584650.0,419374.0
599837.0,459082.0
557077.0,418600.0
501135.0,480562.0
554041.0,448927.0
575849.0,477712.0
610555.0,460871.0
547509.0,458270.0
629919.0,390861.0
616507.0,426267.0
577459.0,456214.0
563459.0,447564.0
572259.0,465447.0
568072.0,434820.0
491354.0,613306.0
585728.0,510298.0
529223.0,418652.0
585026.0,426998.0
189749.0,202798.0
154636.0,272572.0
189971.0,226789.0
194864.0,243695.0
210336.0,193424.0
191585.0,285376.0
211151.0,256733.0
263831.0,218267.0
292881.0,168375.0
221744.0,211790.0
219732.0,240922.0
194611.0,168248.0
200688.0,270185.0
250445.0,193307.0
160469.0,198204.0
155711.0,189887.0
231412.0,231625.0
167294.0,154910.0
159025.0,166046.0
189522.0,216278.0
159869.0,215561.0
223433.0,85282.0
337683.0,238103.0
206251.0,250109.0
237420.0,147273.0
256122.0,240676.0
253404.0,116936.0
143857.0,210776.0
210679.0,184567.0
122010.0,228545.0
275050.0,303374.0
176685.0,204445.0
157363.0,201943.0
230108.0,308772.0
291554.0,160246.0
119805.0,220266.0
97679.0,323033.0
180109.0,206525.0
165291.0,213596.0
126566.0,239842.0
204532.0,228158.0
203337.0,183473.0
188156.0,201251.0
192917.0,195302.0
119133.0,248137.0
99380.0,148168.0
193599.0,213578.0
154820.0,224912.0
190461.0,210241.0
192058.0,190277.0
273133.0,183738.0
215875.0,167507.0
188439.0,204981.0
210856.0,187481.0
68984.0,232011.0
205546.0,246591.0
312132.0,216271.0
243668.0,176801.0
147848.0,236261.0
231070.0,256963.0
96367.0,262839.0
186249.0,217615.0
164822.0,223970.0
193555.0,160003.0
191453.0,185717.0
211129.0,208858.0
211534.0,358536.0
192902.0,216515.0
271869.0,113275.0
234653.0,184949.0
269621.0,223405.0
196333.0,323199.0
131063.0,197764.0
213317.0,264279.0
255386.0,277749.0
70706.0,217845.0
193829.0,214839.0
294324.0,192120.0
219286.0,275451.0
281982.0,96642.0
223622.0,205831.0
192126.0,212092.0
208235.0,171071.0
178431.0,71859.0
236044.0,181833.0
230298.0,78719.0
173743.0,260380.0
193220.0,209898.0
236233.0,178549.0
201900.0,185537.0
232161.0,204410.0
195576.0,222819.0
288214.0,199722.0
270158.0,144598.0
202930.0,212449.0
209997.0,204543.0
173906.0,265341.0
231826.0,312769.0
186265.0,275068.0
291716.0,153824.0
283333.0,141128.0
126388.0,222909.0
217220.0,162912.0
185234.0,223707.0
226429.0,239040.0
170545.0,226726.0
216025.0,327190.0
190818.0,252141.0
227233.0,273052.0
250992.0,289208.0
122903.0,254397.0
94853.0,222502.0
211591.0,257906.0
199762.0,149410.0
214919.0,155330.0
130920.0,261702.0
283333.0,164340.0
59080.0,202858.0
305831.0,227941.0
180994.0,181905.0
157616.0,212213.0
151007.0,216864.0
313635.0,125226.0
206596.0,237056.0
131742.0,224044.0
198851.0,184954.0
234371.0,203343.0
228845.0,189725.0
245002.0,187928.0
208284.0,204391.0
166803.0,170789.0
192805.0,247468.0
133651.0,269058.0
192101.0,164330.0
186129.0,240314.0
188605.0,217519.0
123985.0,220101.0
143976.0,211553.0
128889.0,110016.0
222607.0,270049.0
193394.0,233346.0
141956.0,352537.0
204269.0,212247.0
270549.0,218958.0
195753.0,204969.0
153083.0,239708.0
157566.0,219888.0
230102.0,253909.0
209130.0,212609.0
188184.0,206640.0
213697.0,215722.0
182498.0,249755.0
154648.0,229935.0
202343.0,240368.0
208460.0,283025.0
202277.0,224706.0
178337.0,227436.0
232418.0,223503.0
191871.0,212734.0
257435.0,252087.0
202223.0,123679.0
218823.0,82234.0
103041.0,203798.0
113378.0,241412.0
188273.0,120016.0
284601.0,224610.0
195536.0,258397.0
144200.0,187184.0
203185.0,162339.0
188807.0,223705.0
192516.0,248395.0
244491.0,252553.0
169646.0,133672.0
199619.0,179213.0
192747.0,213585.0
175763.0,279040.0
130224.0,301850.0
217978.0,237395.0
181801.0,212588.0
191685.0,221598.0
291236.0,183704.0
211575.0,259862.0
205330.0,268399.0
197940.0,216948.0
154471.0,225017.0
189441.0,184450.0
207891.0,250474.0
279403.0,192934.0
164201.0,188451.0
253872.0,170263.0
202433.0,229065.0
198378.0,220838.0
103975.0,269587.0
113020.0,163431.0
192377.0,214593.0
244270.0,290810.0
222465.0,189599.0
108483.0,229059.0
209400.0,291201.0
220772.0,263938.0
174631.0,227589.0
182485.0,154708.0
193113.0,206017.0
202303.0,248362.0
254481.0,162245.0
191889.0,217368.0
241744.0,252389.0
139087.0,164204.0
174246.0,215145.0
143531.0,221949.0
225966.0,226314.0
120988.0,242872.0
212218.0,236318.0
214354.0,216561.0
215336.0,183866.0
166891.0,326780.0
175825.0,216761.0
200196.0,239809.0
230476.0,195814.0
207534.0,221023.0
89152.0,254207.0
186973.0,211524.0
173032.0,278464.0
179234.0,192759.0
109137.0,96700.0
192782.0,204526.0
166731.0,271764.0
157843.0,232182.0
194455.0,215246.0
188734.0,253986.0
131454.0,264053.0
207964.0,203096.0
236780.0,82421.0
192158.0,214293.0
182953.0,222708.0
183806.0,92142.0
151930.0,205100.0
243134.0,229630.0
103251.0,206109.0
199028.0,249588.0
51440.0,181934.0
171589.0,217287.0
171192.0,171162.0
197534.0,220403.0
161943.0,208402.0
117333.0,259251.0
165478.0,205406.0
145638.0,184376.0
159851.0,157651.0
189904.0,233662.0
194701.0,228836.0
174051.0,219578.0
237152.0,180094.0
206966.0,218868.0
205714.0,179383.0
79491.0,245685.0
178491.0,209592.0
110002.0,279666.0
197207.0,227289.0
189636.0,273953.0
341618.0,225282.0
282881.0,168287.0
176913.0,130283.0
171009.0,225309.0
182571.0,242820.0
215307.0,197722.0
197162.0,190746.0
181838.0,215320.0
201520.0,260805.0
193999.0,213385.0
179563.0,164135.0
249767.0,224165.0
194959.0,321643.0
196885.0,222182.0
193447.0,206838.0
180137.0,212301.0
164962.0,231419.0
32710.0,248634.0
190950.0,214414.0
172415.0,202995.0
182851.0,302312.0
191253.0,215705.0
39733.0,320679.0
192014.0,216462.0
181260.0,140058.0
176023.0,223535.0
190857.0,174981.0
217466.0,122927.0
98470.0,192944.0
199788.0,212738.0
170559.0,200680.0
222267.0,217361.0
154611.0,164556.0
274835.0,323682.0
191196.0,109450.0
136966.0,245143.0
89722.0,122964.0
167056.0,221321.0
227429.0,133524.0
254683.0,234389.0
175569.0,306397.0
181579.0,208875.0
155139.0,198959.0
185468.0,191528.0
120943.0,201289.0
209418.0,213557.0
290385.0,186524.0
213543.0,211114.0
58455.0,348192.0
153745.0,224222.0
222047.0,229027.0
148257.0,183794.0
192240.0,212227.0
188159.0,235200.0
185919.0,215497.0
218313.0,231020.0
104147.0,173943.0
205884.0,191546.0
145397.0,295855.0
167927.0,148470.0
234385.0,201689.0
198575.0,213851.0
215661.0,276240.0
299161.0,247471.0
198110.0,287964.0
198561.0,268610.0
138713.0,223874.0
292972.0,160813.0
221317.0,226488.0
224410.0,249852.0
83944.0,230874.0
190707.0,230825.0
305234.0,232867.0
199028.0,234353.0
131048.0,264277.0
212930.0,200410.0
194407.0,252845.0
290141.0,111119.0
75854.0,160373.0
151838.0,209116.0
238326.0,229936.0
198699.0,222659.0
207195.0,217469.0
284496.0,210558.0
254219.0,256838.0
110523.0,110763.0
125961.0,240113.0
173655.0,208972.0
212769.0,201461.0
188685.0,188458.0
402352.0,216418.0
349246.0,197800.0
386850.0,198218.0
382586.0,353902.0
347059.0,254160.0
365918.0,253957.0
353524.0,372306.0
373205.0,248169.0
369189.0,255449.0
209543.0,365168.0
361919.0,294998.0
361930.0,259384.0
376623.0,262496.0
371791.0,265900.0
440707.0,216558.0
469858.0,244912.0
308001.0,222803.0
323573.0,273385.0
349142.0,255202.0
444388.0,259924.0
393646.0,238842.0
330009.0,243088.0
378594.0,249213.0
400335.0,237432.0
355738.0,204014.0
359975.0,254885.0
329603.0,226734.0
352921.0,313118.0
311685.0,131526.0
366929.0,234112.0
412085.0,257545.0
388425.0,278070.0
357530.0,156084.0
340073.0,309310.0
242062.0,252190.0
363716.0,268496.0
387233.0,344904.0
371194.0,224611.0
392940.0,279360.0
375102.0,253859.0
225119.0,255876.0
426118.0,210007.0
428853.0,268412.0
288843.0,218799.0
314790.0,284652.0
372376.0,227138.0
299006.0,215768.0
366906.0,252238.0
401572.0,291642.0
379874.0,172823.0
437513.0,257889.0
403691.0,370156.0
361343.0,227074.0
359421.0,252852.0
358505.0,250123.0
362264.0,264643.0
374383.0,270293.0
405428.0,268035.0
277812.0,260263.0
373700.0,343552.0
362479.0,262454.0
372497.0,303603.0
335451.0,354275.0
365896.0,245595.0
345956.0,296087.0
357537.0,229433.0
365702.0,255455.0
395386.0,257424.0
519906.0,166308.0
306460.0,393688.0
494879.0,326928.0
453227.0,316780.0
361966.0,234502.0
424095.0,289136.0
401655.0,222404.0
447526.0,304103.0
360220.0,282158.0
374224.0,260382.0
354087.0,275787.0
243521.0,345973.0
437125.0,308443.0
393824.0,265740.0
479013.0,235415.0
392774.0,161761.0
303719.0,347308.0
358407.0,254302.0
466702.0,284900.0
284192.0,290445.0
357432.0,248098.0
338000.0,243396.0
451522.0,359126.0
354734.0,252442.0
298712.0,198145.0
306208.0,306436.0
377621.0,248114.0
384833.0,273188.0
361537.0,255233.0
329194.0,306933.0
385937.0,310193.0
485789.0,304392.0
335920.0,375037.0
432201.0,288263.0
324529.0,165951.0
366101.0,254063.0
453431.0,261666.0
425809.0,211298.0
291290.0,244291.0
369109.0,239460.0
370442.0,259474.0
359927.0,264137.0
500243.0,291933.0
364912.0,255010.0
323156.0,336648.0
387091.0,172986.0
467033.0,272452.0
355878.0,279352.0
364475.0,257207.0
346997.0,286097.0
403495.0,275844.0
381640.0,260309.0
374511.0,226896.0
365305.0,258053.0
497851.0,299612.0
354960.0,250630.0
353231.0,314720.0
372067.0,244599.0
372672.0,209691.0
359804.0,271823.0
376516.0,337552.0
434085.0,186749.0
419591.0,387437.0
406810.0,262896.0
368037.0,361806.0
416435.0,287511.0
465371.0,223637.0
364434.0,251100.0
351961.0,327411.0
312155.0,248641.0
401454.0,259827.0
339795.0,198700.0
331984.0,264593.0
414922.0,233986.0
338021.0,293904.0
483213.0,233152.0
419339.0,193737.0
391428.0,264871.0
428292.0,239901.0
297664.0,231890.0
355844.0,216833.0
394367.0,224203.0
305416.0,250962.0
381494.0,265540.0
362896.0,255011.0
261300.0,205045.0
211558.0,285224.0
292856.0,239467.0
402940.0,210108.0
406287.0,284106.0
372452.0,241986.0
315824.0,322631.0
368253.0,259040.0
297057.0,235347.0
478649.0,284530.0
337918.0,149136.0
374193.0,221208.0
403229.0,304411.0
359619.0,247388.0
358911.0,225566.0
370575.0,232259.0
402615.0,269364.0
391994.0,216947.0
376325.0,224685.0
363088.0,257297.0
404105.0,289846.0
433393.0,320435.0
393465.0,252682.0
360359.0,305127.0
353633.0,280725.0
341901.0,278170.0
381571.0,245266.0
372189.0,253103.0
287158.0,290321.0
366135.0,254197.0
318748.0,272781.0
344095.0,271727.0
391959.0,263415.0
372760.0,250286.0
410849.0,274159.0
360480.0,255666.0
454370.0,216887.0
381615.0,245618.0
344180.0,307048.0
404644.0,278496.0
363845.0,255865.0
368750.0,262753.0
356247.0,297674.0
370202.0,332043.0
333503.0,278211.0
364956.0,199515.0
350017.0,264379.0
358027.0,246816.0
478336.0,203240.0
384291.0,185775.0
461653.0,306201.0
325898.0,264633.0
346121.0,279410.0
368329.0,337052.0
403038.0,130350.0
361513.0,412956.0
347954.0,366639.0
428600.0,159483.0
337003.0,265646.0
416167.0,259800.0
356259.0,284622.0
411684.0,236735.0
371526.0,277640.0
284655.0,166376.0
360142.0,263952.0
436766.0,127544.0
228167.0,277094.0
247333.0,212247.0
255191.0,302372.0
348419.0,315214.0
231364.0,240971.0
465763.0,329259.0
335283.0,241695.0
300834.0,240408.0
370494.0,287729.0
392840.0,259260.0
371910.0,234448.0
452608.0,347360.0
359749.0,224076.0
328382.0,294070.0
380962.0,250151.0
385193.0,260162.0
369793.0,187769.0
347974.0,263846.0
426191.0,265716.0
329392.0,230299.0
309386.0,240929.0
418441.0,304357.0
364501.0,247624.0
265246.0,239326.0
377759.0,245031.0
367091.0,170324.0
234074.0,227916.0
365313.0,247860.0
365901.0,383182.0
400135.0,320196.0
252011.0,214993.0
381294.0,196315.0
357913.0,264787.0
355563.0,262586.0
362738.0,260908.0
359120.0,261369.0
374598.0,256331.0
377837.0,339584.0
368272.0,294414.0
382711.0,271442.0
396693.0,276715.0
363904.0,269007.0
412914.0,207012.0
367195.0,255222.0
362420.0,255883.0
341858.0,343156.0
286091.0,304241.0
332947.0,206279.0
261506.0,177503.0
285011.0,328921.0
365971.0,261489.0
242158.0,283269.0
292556.0,271953.0
359999.0,290157.0
392327.0,319272.0
267717.0,302667.0
382346.0,202467.0
404120.0,134061.0
483045.0,203744.0
365313.0,257698.0
339362.0,276515.0
382253.0,273636.0
324486.0,239977.0
334829.0,318358.0
345808.0,254880.0
292369.0,352941.0
399439.0,104156.0
302007.0,384121.0
379228.0,231419.0
376825.0,216849.0
346275.0,289391.0
393359.0,277288.0
401212.0,210189.0
402303.0,267053.0
395164.0,193456.0
363629.0,260197.0
296136.0,272918.0
396029.0,328031.0
366183.0,255345.0
415280.0,270246.0
343960.0,298257.0
346437.0,222924.0
378468.0,276754.0
356940.0,250724.0
430221.0,297722.0
360045.0,258277.0
288037.0,168597.0
351630.0,245530.0
339735.0,210170.0
278576.0,293027.0
367602.0,227971.0
481928.0,279748.0
422142.0,184686.0
386843.0,256336.0
313503.0,320794.0
388131.0,256831.0
288295.0,180395.0
397778.0,270993.0
370758.0,192106.0
362983.0,256305.0
420057.0,285412.0
369809.0,181561.0
421099.0,240582.0
329018.0,302537.0
475455.0,294004.0
333848.0,240593.0
492195.0,238318.0
468226.0,361336.0
384488.0,229699.0
434354.0,266221.0
369500.0,268269.0
268739.0,339617.0
388235.0,313142.0
296640.0,213944.0
386087.0,242585.0
383504.0,221446.0
319595.0,240232.0
424057.0,179700.0
348216.0,265497.0
439150.0,86936.0
429047.0,194799.0
364027.0,261755.0
379403.0,267989.0
389595.0,303012.0
325999.0,280386.0
330307.0,242297.0
361134.0,191237.0
393818.0,302840.0
351482.0,334662.0
341057.0,341338.0
374464.0,284441.0
